symbol,date,rows,expected_minutes,missing_minutes
HON,2025-12-24,64,390,326
HON,2025-11-28,71,390,319
DE,2025-12-24,76,390,314
GS,2025-12-24,87,390,303
RTX,2025-12-26,88,390,302
LOW,2025-12-24,89,390,301
CVX,2025-12-24,92,390,298
GS,2025-11-28,95,390,295
RTX,2025-11-28,97,390,293
ABBV,2025-12-24,101,390,289
CAT,2025-11-28,107,390,283
LLY,2025-12-24,110,390,280
RTX,2025-12-24,110,390,280
GS,2025-12-26,118,390,272
COST,2025-11-28,119,390,271
HON,2025-12-26,119,390,271
MS,2025-12-24,120,390,270
PEP,2025-11-28,122,390,268
IBM,2025-12-24,123,390,267
RTX,2025-12-29,124,390,266
ABBV,2025-12-31,125,390,265
DE,2025-12-26,131,390,259
LLY,2025-12-26,131,390,259
ABBV,2025-12-29,133,390,257
ADBE,2025-12-24,134,390,256
HON,2025-12-29,134,390,256
GE,2025-12-24,135,390,255
BA,2025-12-24,136,390,254
HON,2025-12-23,137,390,253
MA,2025-12-24,137,390,253
DE,2026-01-13,139,390,251
ADBE,2025-11-28,142,390,248
HON,2025-12-19,142,390,248
COST,2025-12-03,144,390,246
HON,2025-12-01,144,390,246
HON,2025-12-30,144,390,246
HON,2025-12-08,145,390,245
MS,2025-11-28,146,390,244
MCD,2025-11-28,147,390,243
UNH,2025-12-24,148,390,242
HON,2026-01-27,149,390,241
HON,2025-12-09,150,390,240
JNJ,2025-12-24,151,390,239
GE,2025-11-28,152,390,238
HON,2025-11-17,152,390,238
PEP,2025-12-24,153,390,237
JNJ,2025-12-30,154,390,236
DE,2025-12-31,155,390,235
LOW,2025-11-28,155,390,235
MA,2025-12-26,155,390,235
MS,2025-12-26,155,390,235
HON,2025-11-26,156,390,234
COST,2025-12-26,158,390,232
CVX,2025-11-28,159,390,231
RTX,2025-12-30,159,390,231
DE,2026-01-28,160,390,230
GS,2025-12-31,160,390,230
ABBV,2025-11-28,161,390,229
MCD,2025-12-24,161,390,229
ABBV,2025-12-23,162,390,228
LLY,2025-12-30,162,390,228
COST,2025-12-24,163,390,227
HON,2025-12-15,163,390,227
HON,2025-12-31,163,390,227
DE,2025-11-10,164,390,226
HON,2025-12-12,164,390,226
DE,2025-12-30,166,390,224
RTX,2025-11-11,166,390,224
MS,2025-12-30,168,390,222
RTX,2026-01-02,168,390,222
GS,2026-01-08,171,390,219
CAT,2025-12-24,173,390,217
COST,2025-11-25,173,390,217
DE,2025-11-12,173,390,217
MS,2025-12-31,173,390,217
COST,2025-11-11,174,390,216
RTX,2025-11-12,175,390,215
PEP,2025-12-26,176,390,214
IBM,2025-11-28,177,390,213
MA,2025-12-31,178,390,212
COP,2025-12-24,179,390,211
COST,2025-12-31,179,390,211
HD,2025-11-28,179,390,211
HD,2025-12-24,179,390,211
HON,2025-11-07,180,390,210
HON,2025-12-11,181,390,209
LOW,2025-12-22,182,390,208
LLY,2025-11-28,183,390,207
RTX,2025-12-22,183,390,207
SBUX,2025-11-28,183,390,207
DIS,2025-12-24,184,390,206
GS,2025-12-22,184,390,206
HON,2025-11-12,184,390,206
HON,2025-11-24,184,390,206
HON,2025-12-05,184,390,206
SBUX,2025-12-24,184,390,206
DE,2025-11-28,185,390,205
ADBE,2025-12-26,186,390,204
HON,2026-02-03,186,390,204
ABBV,2025-12-30,187,390,203
CAT,2026-01-22,187,390,203
COST,2025-11-26,187,390,203
MA,2025-11-28,187,390,203
RTX,2025-12-05,187,390,203
RTX,2025-12-31,187,390,203
COST,2025-11-12,188,390,202
MA,2025-12-29,188,390,202
SLB,2025-12-24,188,390,202
BA,2025-11-28,189,390,201
DE,2026-01-27,189,390,201
RTX,2025-12-02,189,390,201
HON,2025-11-14,190,390,200
V,2025-12-24,190,390,200
TGT,2025-12-24,191,390,199
HON,2025-11-10,192,390,198
HON,2026-01-23,192,390,198
ABBV,2026-01-02,193,390,197
CAT,2025-12-31,193,390,197
COP,2025-11-28,193,390,197
JPM,2025-12-24,193,390,197
MS,2025-12-29,193,390,197
TGT,2025-11-28,193,390,197
ABBV,2025-12-26,194,390,196
DE,2026-01-29,194,390,196
MSFT,2025-12-24,194,390,196
IBM,2025-12-30,195,390,195
COST,2025-12-30,196,390,194
DE,2025-11-05,196,390,194
SLB,2025-11-28,196,390,194
AMD,2025-12-24,197,390,193
GS,2026-01-13,197,390,193
GS,2026-01-28,197,390,193
HON,2025-11-13,197,390,193
HON,2025-12-18,197,390,193
HON,2026-01-12,197,390,193
DE,2026-02-02,199,390,191
GS,2025-12-30,199,390,191
JNJ,2025-12-31,199,390,191
META,2025-12-24,199,390,191
C,2025-11-28,200,390,190
DE,2025-11-03,200,390,190
DE,2026-01-16,200,390,190
HD,2025-12-26,201,390,189
PFE,2025-12-24,201,390,189
RTX,2025-12-23,202,390,188
GS,2025-12-03,203,390,187
JNJ,2025-11-28,203,390,187
NKE,2025-11-28,203,390,187
PYPL,2025-12-24,203,390,187
UNH,2025-11-28,203,390,187
V,2025-11-28,203,390,187
DE,2026-01-30,204,390,186
GS,2026-02-02,204,390,186
LOW,2025-12-30,204,390,186
MRK,2025-12-24,204,390,186
WFC,2025-11-28,204,390,186
COST,2026-01-29,205,390,185
DIS,2025-11-28,205,390,185
HON,2025-12-03,205,390,185
KO,2025-12-24,205,390,185
MS,2025-11-10,205,390,185
AMZN,2025-12-24,206,390,184
DE,2026-01-20,206,390,184
HON,2025-11-20,206,390,184
HON,2025-11-25,206,390,184
RTX,2025-11-26,206,390,184
COST,2025-12-05,207,390,183
GE,2025-12-26,207,390,183
GOOGL,2025-12-24,207,390,183
GS,2025-11-26,207,390,183
JPM,2025-11-28,207,390,183
KO,2025-11-28,207,390,183
WMT,2025-12-24,207,390,183
XOM,2025-11-28,207,390,183
XOM,2025-12-24,207,390,183
AAPL,2025-12-24,208,390,182
HON,2025-12-04,208,390,182
JNJ,2025-12-29,208,390,182
MCD,2025-12-31,208,390,182
PEP,2025-12-30,208,390,182
RTX,2025-11-17,208,390,182
WFC,2025-12-24,208,390,182
DE,2025-12-09,209,390,181
MRK,2025-11-28,209,390,181
PYPL,2025-11-28,209,390,181
TSLA,2025-12-24,209,390,181
WMT,2025-11-28,209,390,181
AAPL,2025-11-28,210,390,180
AMZN,2025-11-28,210,390,180
AVGO,2025-11-28,210,390,180
BAC,2025-11-28,210,390,180
BAC,2025-12-24,210,390,180
C,2025-12-24,210,390,180
DE,2026-01-05,210,390,180
HON,2025-12-16,210,390,180
LOW,2025-12-31,210,390,180
NKE,2025-12-24,210,390,180
CAT,2025-11-26,211,390,179
CAT,2025-12-23,211,390,179
GS,2025-11-19,211,390,179
GS,2025-12-29,211,390,179
MA,2025-12-30,211,390,179
MCD,2025-12-26,211,390,179
MS,2026-01-06,211,390,179
MSFT,2025-11-28,211,390,179
AMD,2025-11-28,212,390,178
COST,2025-12-19,212,390,178
DE,2025-12-29,212,390,178
GOOGL,2025-11-28,212,390,178
GS,2025-12-23,212,390,178
GS,2026-01-09,212,390,178
MS,2026-01-07,212,390,178
RTX,2025-11-19,212,390,178
TSLA,2025-11-28,212,390,178
AVGO,2025-12-24,213,390,177
META,2025-11-28,213,390,177
PFE,2025-11-28,213,390,177
RTX,2026-01-15,213,390,177
DE,2025-12-22,214,390,176
HON,2026-01-02,214,390,176
LLY,2025-12-29,214,390,176
MS,2025-11-05,214,390,176
NFLX,2025-12-24,214,390,176
ORCL,2025-12-24,214,390,176
RTX,2025-11-06,214,390,176
ADBE,2025-12-30,215,390,175
COST,2025-11-10,215,390,175
LLY,2025-12-31,215,390,175
ORCL,2025-11-28,215,390,175
DE,2025-12-05,216,390,174
IBM,2025-12-05,216,390,174
INTC,2025-12-24,217,390,173
RTX,2025-11-14,217,390,173
COST,2025-11-21,218,390,172
COST,2025-12-29,218,390,172
CVX,2025-12-26,218,390,172
HD,2025-12-31,218,390,172
CAT,2025-12-30,219,390,171
COST,2025-11-17,219,390,171
DE,2026-01-26,219,390,171
GS,2026-01-29,219,390,171
LLY,2025-12-23,219,390,171
ADBE,2025-12-29,220,390,170
DE,2025-12-03,220,390,170
GS,2025-12-17,220,390,170
NFLX,2025-11-28,220,390,170
NVDA,2025-11-28,220,390,170
COST,2025-12-23,222,390,168
COST,2026-01-23,223,390,167
DE,2025-11-06,223,390,167
DE,2025-12-11,223,390,167
INTC,2025-11-28,223,390,167
GS,2025-11-25,224,390,166
GS,2025-12-01,224,390,166
HON,2026-01-28,224,390,166
ADBE,2025-12-31,225,390,165
BA,2025-12-23,225,390,165
ABBV,2025-12-18,226,390,164
COST,2025-11-24,226,390,164
CVX,2025-12-12,226,390,164
DE,2025-11-11,226,390,164
DE,2025-11-14,226,390,164
DE,2025-11-18,226,390,164
DE,2025-12-02,226,390,164
CVX,2025-12-23,227,390,163
CVX,2025-12-30,227,390,163
HON,2026-01-26,227,390,163
MS,2025-12-23,227,390,163
ABBV,2025-11-10,228,390,162
CAT,2025-12-01,228,390,162
HON,2025-11-19,228,390,162
HON,2026-01-05,228,390,162
MS,2025-12-09,229,390,161
RTX,2025-11-13,229,390,161
GS,2025-11-21,230,390,160
IBM,2025-12-11,230,390,160
MA,2025-11-26,230,390,160
CAT,2025-12-22,231,390,159
COST,2026-01-28,231,390,159
CVX,2025-12-29,231,390,159
HON,2026-01-15,231,390,159
MCD,2025-12-30,231,390,159
GS,2025-12-18,232,390,158
RTX,2025-11-03,232,390,158
RTX,2025-12-19,232,390,158
CAT,2026-01-15,233,390,157
DE,2025-12-23,233,390,157
GS,2025-11-03,233,390,157
CAT,2025-11-11,234,390,156
DE,2025-11-13,234,390,156
GS,2025-12-02,234,390,156
PEP,2025-12-31,234,390,156
RTX,2025-11-20,234,390,156
MA,2025-12-23,235,390,155
PEP,2025-11-25,235,390,155
PEP,2025-12-17,235,390,155
CAT,2026-01-09,236,390,154
COST,2025-11-14,236,390,154
COST,2026-01-30,236,390,154
GS,2025-12-10,236,390,154
LLY,2026-01-14,236,390,154
DE,2025-12-08,237,390,153
DE,2025-12-10,237,390,153
DE,2026-01-22,237,390,153
RTX,2026-01-12,237,390,153
RTX,2026-01-16,237,390,153
BA,2025-12-29,238,390,152
GS,2025-11-06,238,390,152
LOW,2025-12-17,238,390,152
ABBV,2025-12-09,239,390,151
ABBV,2026-01-30,239,390,151
CAT,2025-12-29,239,390,151
DE,2025-12-16,239,390,151
HON,2025-12-22,239,390,151
LOW,2025-12-29,239,390,151
COST,2026-01-02,240,390,150
DE,2026-01-07,240,390,150
GS,2025-11-05,240,390,150
LLY,2026-01-30,240,390,150
BA,2025-12-26,241,390,149
HON,2025-11-11,241,390,149
HON,2026-01-14,241,390,149
RTX,2025-12-01,241,390,149
CAT,2025-12-26,242,390,148
COST,2025-11-07,242,390,148
GE,2025-12-29,242,390,148
GS,2025-11-11,242,390,148
GS,2025-11-18,242,390,148
GS,2025-12-15,242,390,148
HON,2026-01-30,242,390,148
MS,2025-12-02,242,390,148
MS,2026-01-02,242,390,148
COST,2025-12-17,243,390,147
DE,2025-11-07,243,390,147
LOW,2025-12-26,243,390,147
ABBV,2025-12-08,244,390,146
GS,2025-12-09,244,390,146
HON,2025-12-02,244,390,146
PEP,2025-11-26,244,390,146
CAT,2026-01-08,246,390,144
COST,2026-02-02,246,390,144
DE,2026-01-12,246,390,144
GS,2025-12-19,246,390,144
HON,2025-11-06,246,390,144
HON,2026-01-06,246,390,144
HON,2026-01-29,246,390,144
MS,2025-12-04,246,390,144
MS,2026-01-09,246,390,144
RTX,2025-11-10,246,390,144
UNH,2025-12-29,246,390,144
GS,2025-11-24,247,390,143
JNJ,2026-01-08,247,390,143
MS,2025-12-22,247,390,143
ABBV,2025-12-04,248,390,142
ABBV,2025-12-22,248,390,142
DE,2025-12-17,248,390,142
UNH,2025-12-31,248,390,142
CVX,2025-11-19,249,390,141
GS,2026-01-06,249,390,141
GS,2026-01-30,249,390,141
HON,2026-01-07,249,390,141
MCD,2025-12-19,249,390,141
MS,2025-11-25,249,390,141
RTX,2026-01-06,249,390,141
COST,2025-12-09,250,390,140
CVX,2025-11-05,250,390,140
LLY,2026-01-12,250,390,140
ADBE,2025-12-22,251,390,139
ADBE,2026-01-08,251,390,139
COST,2025-11-20,251,390,139
DE,2025-12-04,251,390,139
GS,2026-01-20,251,390,139
HON,2025-11-05,251,390,139
LOW,2025-12-12,251,390,139
CAT,2025-12-18,252,390,138
CVX,2025-12-31,252,390,138
DE,2025-12-01,252,390,138
MA,2025-11-07,252,390,138
NVDA,2025-12-24,252,390,138
HON,2025-11-04,253,390,137
HON,2026-02-02,253,390,137
LLY,2026-01-02,253,390,137
MA,2025-12-04,253,390,137
MS,2025-11-11,253,390,137
MS,2025-12-16,253,390,137
RTX,2025-11-07,253,390,137
RTX,2025-12-18,253,390,137
CAT,2026-01-21,254,390,136
HON,2026-01-22,254,390,136
IBM,2025-12-10,254,390,136
JNJ,2025-12-26,254,390,136
CAT,2025-12-02,255,390,135
CAT,2025-12-10,255,390,135
IBM,2025-11-10,255,390,135
IBM,2025-11-26,255,390,135
LOW,2025-11-26,255,390,135
MA,2025-11-13,255,390,135
PEP,2025-12-03,255,390,135
UNH,2025-12-26,255,390,135
MS,2026-01-08,256,390,134
MS,2026-01-26,256,390,134
PEP,2025-12-29,256,390,134
RTX,2025-11-25,256,390,134
ABBV,2025-12-01,257,390,133
CAT,2026-01-16,257,390,133
COST,2025-12-01,257,390,133
COST,2025-12-08,257,390,133
GS,2025-11-10,257,390,133
JNJ,2025-12-23,257,390,133
LOW,2026-01-07,257,390,133
COST,2025-11-13,258,390,132
GE,2025-12-31,258,390,132
IBM,2025-12-09,258,390,132
PEP,2025-12-19,258,390,132
ABBV,2025-12-17,259,390,131
GS,2025-12-04,259,390,131
LLY,2025-12-05,259,390,131
MCD,2025-12-29,259,390,131
RTX,2026-01-23,259,390,131
CAT,2026-01-27,260,390,130
CVX,2025-12-18,260,390,130
HON,2025-11-03,260,390,130
LOW,2025-12-23,260,390,130
TGT,2026-01-28,260,390,130
ABBV,2025-12-05,261,390,129
ABBV,2026-02-02,261,390,129
GE,2026-01-13,261,390,129
LOW,2025-12-19,261,390,129
RTX,2025-12-12,261,390,129
COST,2025-12-18,262,390,128
RTX,2025-11-21,262,390,128
TGT,2026-01-27,262,390,128
UNH,2025-12-23,262,390,128
ABBV,2025-11-26,263,390,127
CAT,2025-12-08,263,390,127
IBM,2025-12-01,263,390,127
MS,2025-12-01,263,390,127
MS,2025-12-17,263,390,127
PEP,2025-12-02,263,390,127
CAT,2025-11-10,264,390,126
CAT,2025-11-19,264,390,126
DE,2025-11-24,264,390,126
GS,2026-01-21,264,390,126
HON,2026-01-13,264,390,126
MA,2025-12-05,264,390,126
RTX,2025-11-24,264,390,126
COST,2025-11-06,265,390,125
COST,2026-01-26,265,390,125
MCD,2026-01-09,265,390,125
PEP,2025-11-14,265,390,125
RTX,2026-01-22,265,390,125
ABBV,2025-11-06,266,390,124
ABBV,2025-11-14,266,390,124
ADBE,2025-12-23,266,390,124
CAT,2025-12-04,266,390,124
COST,2026-01-16,266,390,124
CVX,2025-11-18,266,390,124
IBM,2025-12-22,266,390,124
LLY,2025-12-22,266,390,124
MCD,2025-11-26,266,390,124
MS,2026-01-29,266,390,124
PEP,2025-12-18,266,390,124
TGT,2026-01-22,266,390,124
ABBV,2025-12-11,267,390,123
ADBE,2025-11-05,267,390,123
DE,2025-11-17,267,390,123
DE,2025-12-19,267,390,123
GS,2025-11-07,267,390,123
GS,2026-01-12,267,390,123
MCD,2026-01-28,267,390,123
ADBE,2026-01-07,268,390,122
BA,2025-12-18,268,390,122
DE,2026-02-03,268,390,122
RTX,2025-11-04,268,390,122
ABBV,2025-11-07,269,390,121
ADBE,2025-11-11,269,390,121
CAT,2026-01-14,269,390,121
COST,2025-12-22,269,390,121
COST,2026-01-13,269,390,121
GS,2025-11-17,269,390,121
GS,2026-02-03,269,390,121
LLY,2025-12-09,269,390,121
MA,2025-11-10,269,390,121
MA,2025-11-12,269,390,121
ABBV,2025-11-05,270,390,120
RTX,2025-11-18,270,390,120
UNH,2025-11-26,270,390,120
BA,2025-11-13,271,390,119
DE,2026-01-23,271,390,119
IBM,2026-01-07,271,390,119
LOW,2025-11-12,271,390,119
MCD,2025-12-16,271,390,119
BA,2025-12-22,272,390,118
CVX,2025-11-26,272,390,118
GS,2025-12-08,272,390,118
HD,2025-11-11,272,390,118
JNJ,2025-11-10,272,390,118
MS,2025-11-03,272,390,118
RTX,2025-11-05,272,390,118
CAT,2026-01-13,273,390,117
JNJ,2025-11-05,273,390,117
TGT,2026-01-16,273,390,117
V,2025-12-26,273,390,117
DE,2026-01-02,274,390,116
MS,2026-01-12,274,390,116
RTX,2025-12-15,274,390,116
RTX,2026-01-05,274,390,116
HON,2025-12-10,275,390,115
LOW,2025-11-03,275,390,115
MA,2025-12-17,275,390,115
MS,2026-02-02,275,390,115
ABBV,2025-11-24,276,390,114
CAT,2025-11-18,276,390,114
CVX,2025-12-03,276,390,114
HD,2025-11-04,276,390,114
LLY,2025-11-26,276,390,114
MS,2025-11-26,276,390,114
TGT,2025-12-30,276,390,114
DIS,2025-11-05,277,390,113
ABBV,2025-12-03,278,390,112
ABBV,2026-01-28,278,390,112
BA,2026-01-06,278,390,112
CVX,2025-11-25,278,390,112
IBM,2025-11-25,278,390,112
JNJ,2026-01-26,278,390,112
MA,2025-12-09,278,390,112
PEP,2025-11-03,278,390,112
RTX,2025-12-11,278,390,112
TGT,2025-12-09,278,390,112
ABBV,2025-12-15,279,390,111
ABBV,2026-01-20,279,390,111
BA,2026-01-16,279,390,111
CAT,2026-02-03,279,390,111
GS,2026-01-02,279,390,111
HON,2025-11-21,279,390,111
IBM,2025-12-15,279,390,111
MCD,2025-11-17,279,390,111
PEP,2026-01-09,279,390,111
PEP,2026-01-15,279,390,111
RTX,2025-12-04,279,390,111
RTX,2025-12-08,279,390,111
RTX,2025-12-17,279,390,111
ABBV,2025-12-19,280,390,110
BA,2025-12-30,280,390,110
CVX,2026-01-02,280,390,110
GS,2025-11-20,280,390,110
GS,2025-12-11,280,390,110
HON,2026-01-21,280,390,110
LOW,2025-12-18,280,390,110
MA,2026-01-02,280,390,110
PFE,2025-12-31,280,390,110
TGT,2025-11-04,280,390,110
CAT,2025-11-06,281,390,109
CAT,2025-11-24,281,390,109
CVX,2025-12-22,281,390,109
DE,2026-01-14,281,390,109
GS,2026-01-27,281,390,109
LOW,2026-01-06,281,390,109
PEP,2026-01-02,281,390,109
CAT,2026-01-12,282,390,108
GS,2026-01-07,282,390,108
HON,2025-12-17,282,390,108
JNJ,2025-12-10,282,390,108
MS,2025-11-06,282,390,108
RTX,2026-01-20,282,390,108
TGT,2025-12-12,282,390,108
TGT,2026-01-23,282,390,108
ABBV,2025-11-20,283,390,107
ABBV,2025-12-16,283,390,107
CAT,2025-11-12,283,390,107
COST,2025-11-18,283,390,107
DE,2025-12-15,283,390,107
PEP,2025-11-19,283,390,107
UNH,2025-12-30,283,390,107
V,2025-12-29,283,390,107
ABBV,2026-01-16,284,390,106
CAT,2026-01-23,284,390,106
COST,2025-12-02,284,390,106
GS,2025-11-13,284,390,106
HD,2025-12-30,284,390,106
HON,2026-01-09,284,390,106
TGT,2026-01-07,284,390,106
CAT,2026-01-26,285,390,105
COST,2026-01-15,285,390,105
LLY,2026-01-16,285,390,105
MCD,2025-11-19,285,390,105
MCD,2025-12-17,285,390,105
MCD,2026-01-13,285,390,105
MS,2025-12-05,285,390,105
MS,2025-12-15,285,390,105
CAT,2025-12-05,286,390,104
HON,2025-11-18,286,390,104
PEP,2025-12-04,286,390,104
RTX,2025-12-03,286,390,104
RTX,2026-02-03,286,390,104
V,2025-12-31,286,390,104
BA,2025-12-17,287,390,103
COP,2025-11-26,287,390,103
LLY,2026-01-06,287,390,103
LOW,2026-01-28,287,390,103
LOW,2026-02-02,287,390,103
COST,2025-11-05,288,390,102
COST,2026-01-07,288,390,102
PEP,2025-11-05,288,390,102
CAT,2026-01-02,289,390,101
CVX,2025-12-04,289,390,101
CVX,2025-12-19,289,390,101
HD,2025-11-12,289,390,101
LLY,2026-01-20,289,390,101
MS,2025-12-10,289,390,101
PFE,2025-12-30,289,390,101
ADBE,2026-01-09,290,390,100
BA,2026-01-23,290,390,100
CAT,2025-12-19,290,390,100
CAT,2026-02-02,290,390,100
HD,2025-11-07,290,390,100
LLY,2026-01-22,290,390,100
LOW,2025-11-04,290,390,100
LOW,2026-01-13,290,390,100
MS,2025-12-03,290,390,100
MS,2026-01-30,290,390,100
TGT,2025-12-16,290,390,100
CAT,2025-11-25,291,390,99
CVX,2025-11-06,291,390,99
CVX,2025-12-11,291,390,99
KO,2025-12-26,291,390,99
BA,2025-12-31,292,390,98
CAT,2025-11-17,292,390,98
COST,2025-12-10,292,390,98
DE,2026-01-09,292,390,98
MA,2025-12-15,292,390,98
MCD,2025-12-22,292,390,98
PEP,2025-12-23,292,390,98
SBUX,2025-12-31,292,390,98
ABBV,2025-12-02,293,390,97
ABBV,2026-01-23,293,390,97
ADBE,2025-12-18,293,390,97
CAT,2025-11-07,293,390,97
COP,2025-12-23,293,390,97
GS,2026-01-22,293,390,97
IBM,2025-12-26,293,390,97
JNJ,2025-12-19,293,390,97
JPM,2025-12-30,293,390,97
LOW,2025-11-06,293,390,97
MCD,2026-02-02,293,390,97
PEP,2025-11-04,293,390,97
PEP,2025-11-24,293,390,97
TGT,2026-01-26,293,390,97
TGT,2026-01-30,293,390,97
COST,2026-01-20,294,390,96
DE,2025-11-20,294,390,96
DE,2026-01-08,294,390,96
HON,2026-01-16,294,390,96
MA,2025-12-16,294,390,96
MCD,2026-01-15,294,390,96
BA,2026-02-02,295,390,95
CVX,2025-11-11,295,390,95
GE,2025-12-30,295,390,95
UNH,2025-12-22,295,390,95
BA,2026-01-15,296,390,94
CAT,2025-12-11,296,390,94
GS,2025-11-14,296,390,94
JNJ,2026-01-07,296,390,94
LLY,2025-12-10,296,390,94
LOW,2025-11-11,296,390,94
MS,2026-01-05,296,390,94
BA,2025-11-06,297,390,93
CAT,2025-12-09,297,390,93
CVX,2025-11-07,297,390,93
LLY,2026-01-27,297,390,93
UNH,2025-12-09,297,390,93
CVX,2025-12-05,298,390,92
DE,2025-12-12,298,390,92
GS,2025-11-04,298,390,92
LLY,2025-11-13,298,390,92
LLY,2025-12-19,298,390,92
LOW,2026-01-26,298,390,92
MA,2025-11-20,298,390,92
SBUX,2025-12-30,298,390,92
UNH,2025-12-08,298,390,92
BA,2025-11-10,299,390,91
CAT,2026-01-20,299,390,91
GS,2025-12-05,299,390,91
IBM,2026-01-12,299,390,91
JNJ,2025-11-11,299,390,91
JNJ,2026-01-16,299,390,91
LLY,2026-01-29,299,390,91
LOW,2025-11-24,299,390,91
MCD,2025-11-25,299,390,91
MCD,2026-01-12,299,390,91
MCD,2026-01-14,299,390,91
RTX,2026-01-30,299,390,91
ABBV,2026-01-21,300,390,90
ADBE,2025-11-10,300,390,90
ADBE,2026-01-06,300,390,90
BA,2025-12-15,300,390,90
DE,2025-11-21,300,390,90
UNH,2026-01-09,300,390,90
ABBV,2025-11-11,301,390,89
BA,2025-11-17,301,390,89
BA,2025-12-11,301,390,89
BA,2026-01-08,301,390,89
IBM,2026-01-22,301,390,89
IBM,2026-01-23,301,390,89
LOW,2025-12-15,301,390,89
LOW,2026-01-27,301,390,89
MCD,2025-11-21,301,390,89
BA,2026-01-14,302,390,88
COP,2025-12-31,302,390,88
COST,2025-11-19,302,390,88
CVX,2025-11-24,302,390,88
GE,2025-12-23,302,390,88
GS,2025-12-16,302,390,88
IBM,2026-01-15,302,390,88
LLY,2025-11-24,302,390,88
MA,2025-12-08,302,390,88
ABBV,2025-12-12,303,390,87
ADBE,2025-12-08,303,390,87
COP,2025-12-02,303,390,87
COST,2026-01-09,303,390,87
CVX,2025-11-17,303,390,87
CVX,2025-12-16,303,390,87
IBM,2025-12-17,303,390,87
LLY,2026-01-13,303,390,87
MA,2025-11-21,303,390,87
MA,2025-12-22,303,390,87
MA,2026-01-09,303,390,87
PEP,2025-11-18,303,390,87
PEP,2025-12-01,303,390,87
SBUX,2026-01-14,303,390,87
BA,2025-12-08,304,390,86
CVX,2025-11-20,304,390,86
HD,2025-12-29,304,390,86
MA,2026-01-07,304,390,86
MS,2026-01-27,304,390,86
PEP,2026-01-16,304,390,86
BA,2025-11-24,305,390,85
COP,2025-12-22,305,390,85
GS,2025-11-12,305,390,85
JNJ,2025-11-07,305,390,85
JNJ,2026-01-12,305,390,85
MA,2026-01-08,305,390,85
TGT,2026-01-09,305,390,85
V,2025-12-23,305,390,85
COST,2026-01-05,306,390,84
CVX,2025-12-02,306,390,84
HON,2026-01-20,306,390,84
MA,2025-11-25,306,390,84
MS,2026-01-13,306,390,84
PEP,2025-11-11,306,390,84
PEP,2025-11-21,306,390,84
PEP,2026-01-12,306,390,84
RTX,2026-01-21,306,390,84
COP,2025-11-19,307,390,83
IBM,2025-12-08,307,390,83
JNJ,2026-01-09,307,390,83
JPM,2025-12-29,307,390,83
PEP,2025-11-20,307,390,83
TGT,2025-11-13,307,390,83
ABBV,2026-01-29,308,390,82
ADBE,2025-11-19,308,390,82
BA,2025-11-14,308,390,82
CAT,2025-11-14,308,390,82
COST,2025-11-03,308,390,82
COST,2025-11-04,308,390,82
COST,2026-02-03,308,390,82
DE,2025-12-18,308,390,82
GS,2026-01-26,308,390,82
HD,2025-11-20,308,390,82
HON,2026-01-08,308,390,82
JNJ,2025-12-15,308,390,82
LOW,2025-12-05,308,390,82
MA,2025-11-11,308,390,82
MCD,2025-11-18,308,390,82
MCD,2025-12-03,308,390,82
MCD,2025-12-15,308,390,82
MS,2025-11-18,308,390,82
RTX,2026-01-13,308,390,82
RTX,2026-01-14,308,390,82
ABBV,2026-01-26,309,390,81
ADBE,2025-11-07,309,390,81
ADBE,2025-11-25,309,390,81
ADBE,2026-01-12,309,390,81
BA,2025-11-11,309,390,81
COP,2025-12-09,309,390,81
COST,2026-01-22,309,390,81
DE,2026-01-06,309,390,81
DIS,2026-01-13,309,390,81
HD,2025-12-02,309,390,81
IBM,2026-01-09,309,390,81
JNJ,2026-01-02,309,390,81
LOW,2025-11-05,309,390,81
MA,2025-11-14,309,390,81
MS,2025-11-20,309,390,81
ADBE,2025-11-26,310,390,80
DIS,2025-12-30,310,390,80
IBM,2026-01-21,310,390,80
JPM,2025-11-11,310,390,80
LOW,2025-12-11,310,390,80
MA,2025-12-03,310,390,80
MS,2025-12-12,310,390,80
ABBV,2026-01-09,311,390,79
CAT,2026-01-28,311,390,79
COP,2025-11-10,311,390,79
HD,2026-01-28,311,390,79
IBM,2025-11-14,311,390,79
IBM,2025-12-23,311,390,79
JNJ,2025-11-26,311,390,79
JNJ,2025-12-12,311,390,79
LOW,2026-01-30,311,390,79
MA,2025-12-12,311,390,79
MA,2025-12-19,311,390,79
MCD,2026-01-16,311,390,79
PEP,2026-01-23,311,390,79
ADBE,2025-11-04,312,390,78
BA,2025-12-05,312,390,78
BA,2025-12-09,312,390,78
BA,2025-12-16,312,390,78
DIS,2025-11-26,312,390,78
LLY,2025-12-01,312,390,78
MA,2025-11-04,312,390,78
MA,2026-01-05,312,390,78
MCD,2026-01-27,312,390,78
META,2025-12-26,312,390,78
PEP,2026-01-21,312,390,78
TGT,2026-01-21,312,390,78
ABBV,2025-11-17,313,390,77
BA,2026-01-21,313,390,77
DE,2026-01-15,313,390,77
LLY,2025-12-04,313,390,77
LLY,2026-01-09,313,390,77
LOW,2025-12-01,313,390,77
MA,2025-11-17,313,390,77
MCD,2025-11-24,313,390,77
MS,2026-01-28,313,390,77
ABBV,2025-11-25,314,390,76
ADBE,2025-11-06,314,390,76
ADBE,2025-12-15,314,390,76
CAT,2025-11-21,314,390,76
CAT,2025-12-16,314,390,76
CAT,2026-01-06,314,390,76
COST,2025-12-04,314,390,76
COST,2025-12-16,314,390,76
DIS,2025-12-09,314,390,76
IBM,2025-12-04,314,390,76
IBM,2025-12-18,314,390,76
LLY,2026-01-21,314,390,76
LLY,2026-01-28,314,390,76
LOW,2026-01-12,314,390,76
MCD,2025-11-20,314,390,76
PEP,2025-12-22,314,390,76
PEP,2026-01-14,314,390,76
RTX,2025-12-16,314,390,76
TGT,2026-01-15,314,390,76
UNH,2026-01-08,314,390,76
ABBV,2026-01-15,315,390,75
ABBV,2026-01-27,315,390,75
ADBE,2025-11-03,315,390,75
CVX,2025-11-21,315,390,75
IBM,2025-11-05,315,390,75
IBM,2026-01-13,315,390,75
JNJ,2025-12-09,315,390,75
LLY,2025-12-08,315,390,75
MCD,2026-01-30,315,390,75
PEP,2025-11-06,315,390,75
BA,2026-01-12,316,390,74
GE,2025-11-03,316,390,74
JNJ,2025-12-08,316,390,74
JNJ,2026-01-27,316,390,74
LLY,2025-11-18,316,390,74
MS,2025-12-11,316,390,74
PEP,2025-12-11,316,390,74
RTX,2026-01-07,316,390,74
ADBE,2025-11-17,317,390,73
CAT,2026-01-07,317,390,73
COST,2026-01-12,317,390,73
DE,2026-01-21,317,390,73
DIS,2025-12-26,317,390,73
LOW,2025-11-07,317,390,73
LOW,2026-01-02,317,390,73
PEP,2025-12-15,317,390,73
PEP,2026-01-22,317,390,73
ABBV,2025-11-19,318,390,72
BA,2026-01-09,318,390,72
CVX,2025-12-17,318,390,72
DIS,2026-01-26,318,390,72
JNJ,2025-11-04,318,390,72
MA,2025-11-06,318,390,72
MS,2025-11-04,318,390,72
PEP,2025-11-17,318,390,72
UNH,2026-01-07,318,390,72
V,2025-12-30,318,390,72
BA,2026-02-03,319,390,71
HD,2025-11-13,319,390,71
IBM,2025-12-29,319,390,71
IBM,2026-01-27,319,390,71
IBM,2026-01-30,319,390,71
MA,2025-11-05,319,390,71
PEP,2026-01-26,319,390,71
RTX,2025-12-10,319,390,71
SBUX,2026-01-16,319,390,71
HD,2026-01-26,320,390,70
LLY,2025-12-12,320,390,70
PEP,2026-01-28,320,390,70
SBUX,2025-12-26,320,390,70
SBUX,2026-01-13,320,390,70
ADBE,2025-11-13,321,390,69
C,2025-12-31,321,390,69
DE,2025-11-04,321,390,69
GE,2025-12-02,321,390,69
HD,2025-11-06,321,390,69
IBM,2025-12-16,321,390,69
JNJ,2025-12-22,321,390,69
MA,2025-12-10,321,390,69
MCD,2026-01-08,321,390,69
PEP,2025-12-05,321,390,69
PEP,2026-01-13,321,390,69
TGT,2025-11-03,321,390,69
ADBE,2026-01-27,322,390,68
COST,2025-12-11,322,390,68
GE,2025-12-17,322,390,68
GE,2026-01-07,322,390,68
JNJ,2026-01-29,322,390,68
KO,2025-12-30,322,390,68
LLY,2025-11-17,322,390,68
LOW,2025-12-09,322,390,68
MA,2025-12-02,322,390,68
PEP,2026-01-08,322,390,68
TGT,2025-12-11,322,390,68
ADBE,2025-12-09,323,390,67
COP,2025-12-19,323,390,67
CVX,2025-11-13,323,390,67
HD,2025-12-16,323,390,67
IBM,2025-12-19,323,390,67
IBM,2025-12-31,323,390,67
JNJ,2025-11-14,323,390,67
JNJ,2025-12-11,323,390,67
MA,2026-01-12,323,390,67
MCD,2025-11-06,323,390,67
MCD,2025-12-10,323,390,67
RTX,2026-02-02,323,390,67
TGT,2025-11-14,323,390,67
UNH,2025-12-17,323,390,67
ADBE,2025-11-14,324,390,66
CAT,2025-11-03,324,390,66
COST,2026-01-06,324,390,66
CVX,2025-12-08,324,390,66
GE,2025-11-11,324,390,66
JNJ,2025-12-03,324,390,66
JNJ,2026-01-23,324,390,66
JPM,2025-12-31,324,390,66
LOW,2026-01-15,324,390,66
MCD,2025-12-01,324,390,66
MS,2025-11-17,324,390,66
PEP,2025-11-07,324,390,66
PEP,2025-11-12,324,390,66
SLB,2025-12-31,324,390,66
ABBV,2026-01-12,325,390,65
ABBV,2026-01-14,325,390,65
ADBE,2025-11-24,325,390,65
ADBE,2025-12-17,325,390,65
ADBE,2026-01-28,325,390,65
CVX,2025-12-01,325,390,65
HD,2026-01-02,325,390,65
JNJ,2025-12-02,325,390,65
JNJ,2026-01-15,325,390,65
JPM,2025-12-26,325,390,65
LLY,2026-01-26,325,390,65
LOW,2025-12-08,325,390,65
MCD,2026-01-20,325,390,65
MS,2025-11-13,325,390,65
MS,2026-01-16,325,390,65
UNH,2025-12-05,325,390,65
UNH,2025-12-19,325,390,65
BA,2025-11-18,326,390,64
BA,2025-11-26,326,390,64
CAT,2025-12-03,326,390,64
CVX,2025-12-09,326,390,64
HD,2025-11-03,326,390,64
MCD,2026-01-23,326,390,64
MCD,2026-01-26,326,390,64
PEP,2025-12-08,326,390,64
PEP,2025-12-12,326,390,64
ABBV,2026-02-03,327,390,63
ADBE,2026-01-05,327,390,63
BA,2025-11-12,327,390,63
CAT,2025-11-13,327,390,63
CVX,2025-11-10,327,390,63
CVX,2025-12-10,327,390,63
DIS,2025-12-23,327,390,63
GE,2025-11-20,327,390,63
GS,2026-01-15,327,390,63
IBM,2025-11-13,327,390,63
IBM,2026-01-02,327,390,63
IBM,2026-01-08,327,390,63
JNJ,2025-12-01,327,390,63
LOW,2026-01-16,327,390,63
MA,2025-11-19,327,390,63
MCD,2025-12-02,327,390,63
TGT,2025-12-04,327,390,63
ABBV,2025-11-04,328,390,62
ABBV,2026-01-13,328,390,62
BA,2025-11-04,328,390,62
BA,2025-11-07,328,390,62
COST,2026-01-14,328,390,62
COST,2026-01-21,328,390,62
DE,2025-11-25,328,390,62
GE,2026-01-02,328,390,62
JNJ,2026-01-28,328,390,62
JPM,2025-11-10,328,390,62
LLY,2026-01-15,328,390,62
LOW,2025-11-10,328,390,62
LOW,2026-01-21,328,390,62
MA,2025-12-01,328,390,62
MA,2025-12-11,328,390,62
MS,2025-11-12,328,390,62
UNH,2025-12-10,328,390,62
ABBV,2025-11-18,329,390,61
ADBE,2026-01-21,329,390,61
CVX,2026-01-12,329,390,61
GE,2026-01-14,329,390,61
GE,2026-01-15,329,390,61
GS,2025-12-12,329,390,61
JNJ,2025-12-16,329,390,61
LOW,2026-01-08,329,390,61
MS,2025-12-19,329,390,61
TGT,2026-01-29,329,390,61
COP,2025-12-03,330,390,60
DIS,2025-12-29,330,390,60
GS,2026-01-23,330,390,60
LLY,2025-11-20,330,390,60
LLY,2025-11-21,330,390,60
LLY,2025-12-18,330,390,60
PEP,2026-01-05,330,390,60
TGT,2025-11-12,330,390,60
TGT,2026-01-20,330,390,60
V,2025-11-07,330,390,60
ABBV,2025-11-21,331,390,59
ADBE,2025-12-03,331,390,59
CAT,2025-11-05,331,390,59
CAT,2025-11-20,331,390,59
CAT,2026-01-30,331,390,59
HD,2025-11-10,331,390,59
LOW,2026-01-05,331,390,59
MA,2025-11-24,331,390,59
MCD,2026-01-02,331,390,59
MSFT,2025-12-26,331,390,59
RTX,2025-12-09,331,390,59
RTX,2026-01-28,331,390,59
TGT,2025-12-15,331,390,59
UNH,2025-11-24,331,390,59
UNH,2026-01-14,331,390,59
HD,2026-01-15,332,390,58
IBM,2025-11-11,332,390,58
JPM,2026-01-08,332,390,58
LLY,2026-01-08,332,390,58
MA,2025-12-18,332,390,58
MCD,2025-11-12,332,390,58
MCD,2025-12-05,332,390,58
MCD,2025-12-23,332,390,58
PEP,2026-01-06,332,390,58
TGT,2025-12-17,332,390,58
BA,2025-12-01,333,390,57
COP,2025-11-03,333,390,57
COST,2026-01-27,333,390,57
DIS,2025-11-04,333,390,57
HD,2025-12-03,333,390,57
IBM,2026-01-14,333,390,57
JNJ,2026-01-13,333,390,57
JNJ,2026-01-21,333,390,57
LLY,2025-11-07,333,390,57
LLY,2026-02-02,333,390,57
LOW,2025-12-04,333,390,57
ADBE,2026-01-22,334,390,56
ADBE,2026-01-23,334,390,56
BA,2025-12-12,334,390,56
DE,2025-11-19,334,390,56
GS,2026-01-14,334,390,56
IBM,2025-12-12,334,390,56
JNJ,2026-01-20,334,390,56
JNJ,2026-01-30,334,390,56
LLY,2026-01-07,334,390,56
LLY,2026-01-23,334,390,56
MA,2026-01-20,334,390,56
MCD,2026-01-22,334,390,56
MS,2025-11-14,334,390,56
MS,2026-02-03,334,390,56
PFE,2025-12-26,334,390,56
SLB,2025-12-26,334,390,56
TGT,2025-12-02,334,390,56
ABBV,2026-01-05,335,390,55
BA,2026-01-26,335,390,55
BA,2026-01-30,335,390,55
CAT,2025-12-15,335,390,55
GE,2025-11-13,335,390,55
GE,2025-11-26,335,390,55
IBM,2026-01-06,335,390,55
LOW,2026-02-03,335,390,55
MCD,2025-12-09,335,390,55
META,2025-12-30,335,390,55
MS,2025-12-08,335,390,55
RTX,2026-01-29,335,390,55
SBUX,2026-01-12,335,390,55
TGT,2025-12-01,335,390,55
HD,2025-12-17,336,390,54
HD,2026-01-23,336,390,54
JNJ,2025-11-24,336,390,54
JPM,2025-12-23,336,390,54
LOW,2026-01-20,336,390,54
MCD,2025-11-13,336,390,54
MS,2025-12-18,336,390,54
PEP,2025-12-16,336,390,54
TGT,2025-12-31,336,390,54
ADBE,2025-12-02,337,390,53
BA,2025-11-03,337,390,53
GE,2025-12-08,337,390,53
JNJ,2025-11-03,337,390,53
JPM,2025-12-22,337,390,53
TGT,2025-12-19,337,390,53
UNH,2025-12-18,337,390,53
ABBV,2026-01-22,338,390,52
CAT,2026-01-29,338,390,52
CVX,2025-11-04,338,390,52
CVX,2025-11-14,338,390,52
DIS,2025-12-31,338,390,52
GE,2025-11-19,338,390,52
IBM,2025-11-07,338,390,52
IBM,2026-01-26,338,390,52
TGT,2026-01-13,338,390,52
UNH,2025-11-17,338,390,52
UNH,2025-12-04,338,390,52
V,2025-12-10,338,390,52
C,2025-12-30,339,390,51
COP,2025-12-12,339,390,51
COP,2026-01-30,339,390,51
DIS,2025-11-25,339,390,51
LOW,2025-12-16,339,390,51
MCD,2025-11-03,339,390,51
SLB,2025-12-09,339,390,51
TGT,2025-11-06,339,390,51
TGT,2025-12-08,339,390,51
UNH,2026-01-12,339,390,51
ADBE,2025-11-12,340,390,50
ADBE,2026-01-02,340,390,50
C,2026-01-09,340,390,50
DIS,2026-01-28,340,390,50
GE,2025-11-24,340,390,50
GE,2026-01-12,340,390,50
HD,2026-01-06,340,390,50
JNJ,2025-11-25,340,390,50
KO,2025-11-05,340,390,50
LLY,2025-11-12,340,390,50
MCD,2025-12-08,340,390,50
MS,2025-11-19,340,390,50
TGT,2025-11-24,340,390,50
ABBV,2026-01-07,341,390,49
BA,2026-01-07,341,390,49
COP,2026-01-02,341,390,49
DIS,2026-01-08,341,390,49
HD,2026-01-29,341,390,49
JNJ,2025-12-17,341,390,49
LOW,2025-11-13,341,390,49
MCD,2026-01-06,341,390,49
MCD,2026-01-29,341,390,49
TGT,2025-12-10,341,390,49
TGT,2026-01-14,341,390,49
UNH,2025-11-25,341,390,49
V,2025-11-26,341,390,49
ADBE,2025-12-16,342,390,48
BA,2026-01-20,342,390,48
COP,2025-12-01,342,390,48
COP,2025-12-26,342,390,48
GE,2025-12-18,342,390,48
HD,2025-11-26,342,390,48
IBM,2025-12-02,342,390,48
JNJ,2026-02-02,342,390,48
LLY,2025-11-25,342,390,48
LLY,2026-01-05,342,390,48
MCD,2026-02-03,342,390,48
PEP,2025-11-10,342,390,48
PEP,2025-11-13,342,390,48
V,2026-01-09,342,390,48
BA,2025-12-10,343,390,47
BA,2026-01-05,343,390,47
COP,2025-11-12,343,390,47
DIS,2026-01-02,343,390,47
HD,2026-01-21,343,390,47
IBM,2025-11-04,343,390,47
LOW,2026-01-29,343,390,47
TGT,2025-12-05,343,390,47
V,2025-12-09,343,390,47
COP,2025-11-24,344,390,46
COP,2025-11-25,344,390,46
CVX,2025-11-03,344,390,46
DIS,2025-11-24,344,390,46
DIS,2025-12-04,344,390,46
DIS,2026-01-20,344,390,46
GE,2026-01-06,344,390,46
HD,2025-11-17,344,390,46
HD,2026-01-07,344,390,46
HD,2026-01-13,344,390,46
IBM,2026-02-02,344,390,46
JNJ,2025-12-04,344,390,46
LLY,2025-12-17,344,390,46
LOW,2025-12-03,344,390,46
MA,2026-01-21,344,390,46
MS,2025-11-07,344,390,46
TGT,2025-11-10,344,390,46
V,2025-12-02,344,390,46
BA,2025-11-21,345,390,45
CAT,2025-11-04,345,390,45
COP,2025-12-04,345,390,45
HD,2026-01-16,345,390,45
LOW,2026-01-23,345,390,45
MCD,2025-11-07,345,390,45
META,2025-12-31,345,390,45
TGT,2026-01-02,345,390,45
V,2025-12-01,345,390,45
ABBV,2026-01-08,346,390,44
CVX,2026-01-06,346,390,44
DIS,2025-12-02,346,390,44
IBM,2025-11-12,346,390,44
TGT,2025-11-07,346,390,44
TGT,2026-01-12,346,390,44
V,2025-12-22,346,390,44
ADBE,2025-11-20,347,390,43
COP,2025-12-18,347,390,43
GE,2025-12-19,347,390,43
GE,2026-01-16,347,390,43
HD,2025-12-09,347,390,43
HD,2025-12-15,347,390,43
HD,2026-01-30,347,390,43
IBM,2025-11-03,347,390,43
JNJ,2026-01-06,347,390,43
LLY,2025-12-02,347,390,43
MCD,2025-12-04,347,390,43
META,2025-12-23,347,390,43
MS,2025-11-21,347,390,43
PEP,2025-12-09,347,390,43
PEP,2026-01-07,347,390,43
UNH,2025-12-02,347,390,43
ADBE,2025-12-12,348,390,42
ADBE,2026-01-15,348,390,42
AMD,2025-12-31,348,390,42
COST,2026-01-08,348,390,42
DIS,2026-01-07,348,390,42
GE,2025-11-17,348,390,42
HD,2025-11-25,348,390,42
HD,2025-12-10,348,390,42
HD,2026-02-02,348,390,42
JNJ,2025-11-12,348,390,42
LOW,2026-01-22,348,390,42
MCD,2026-01-21,348,390,42
MRK,2025-12-31,348,390,42
PEP,2026-01-30,348,390,42
SBUX,2025-12-29,348,390,42
SBUX,2026-01-02,348,390,42
TGT,2025-11-26,348,390,42
V,2025-11-10,348,390,42
V,2025-11-24,348,390,42
V,2025-12-04,348,390,42
ADBE,2025-11-21,349,390,41
ADBE,2025-12-04,349,390,41
AMD,2025-12-26,349,390,41
C,2025-11-26,349,390,41
C,2026-01-06,349,390,41
COP,2025-11-20,349,390,41
DIS,2026-01-06,349,390,41
DIS,2026-01-21,349,390,41
IBM,2026-01-16,349,390,41
JNJ,2025-11-17,349,390,41
LOW,2025-12-02,349,390,41
LOW,2026-01-09,349,390,41
MCD,2025-12-18,349,390,41
MS,2025-11-24,349,390,41
RTX,2026-01-08,349,390,41
TGT,2025-11-17,349,390,41
V,2026-01-07,349,390,41
ADBE,2026-01-16,350,390,40
BA,2025-11-25,350,390,40
C,2025-11-17,350,390,40
C,2025-11-18,350,390,40
COP,2025-12-08,350,390,40
GE,2025-12-09,350,390,40
HD,2025-11-24,350,390,40
IBM,2025-11-19,350,390,40
MA,2026-01-06,350,390,40
MRK,2025-12-26,350,390,40
ABBV,2025-11-12,351,390,39
ABBV,2025-11-13,351,390,39
ADBE,2025-12-01,351,390,39
ADBE,2026-01-20,351,390,39
BA,2025-11-05,351,390,39
BA,2025-11-19,351,390,39
COP,2025-12-29,351,390,39
COP,2026-01-16,351,390,39
COP,2026-01-26,351,390,39
COP,2026-02-02,351,390,39
DE,2025-11-26,351,390,39
GE,2026-02-02,351,390,39
GS,2026-01-05,351,390,39
JNJ,2026-02-03,351,390,39
LLY,2025-11-19,351,390,39
LLY,2025-12-03,351,390,39
LLY,2025-12-11,351,390,39
MA,2026-01-16,351,390,39
TGT,2025-11-05,351,390,39
TGT,2025-11-25,351,390,39
TGT,2025-12-26,351,390,39
TGT,2026-02-02,351,390,39
V,2025-11-03,351,390,39
V,2025-11-25,351,390,39
BA,2026-01-02,352,390,38
C,2025-12-10,352,390,38
COP,2025-11-13,352,390,38
COST,2025-12-15,352,390,38
DIS,2025-12-22,352,390,38
HD,2025-11-05,352,390,38
HD,2025-11-14,352,390,38
JNJ,2025-12-05,352,390,38
JNJ,2026-01-05,352,390,38
SBUX,2025-12-08,352,390,38
SBUX,2026-01-08,352,390,38
TGT,2026-01-08,352,390,38
V,2025-12-03,352,390,38
BA,2026-01-22,353,390,37
C,2025-12-08,353,390,37
COP,2026-01-28,353,390,37
DIS,2026-01-12,353,390,37
GE,2025-11-04,353,390,37
GS,2026-01-16,353,390,37
IBM,2025-12-03,353,390,37
LLY,2025-12-15,353,390,37
LOW,2025-11-20,353,390,37
MA,2025-11-18,353,390,37
MRK,2025-12-29,353,390,37
MRK,2025-12-30,353,390,37
RTX,2026-01-26,353,390,37
SBUX,2025-12-11,353,390,37
TGT,2025-12-23,353,390,37
UNH,2026-01-06,353,390,37
V,2025-12-05,353,390,37
ADBE,2025-11-18,354,390,36
AMD,2025-12-29,354,390,36
C,2025-12-02,354,390,36
COP,2025-11-04,354,390,36
COP,2025-11-05,354,390,36
DIS,2025-12-16,354,390,36
GE,2025-11-25,354,390,36
JNJ,2025-12-18,354,390,36
JPM,2025-12-05,354,390,36
LOW,2025-11-14,354,390,36
MA,2026-01-23,354,390,36
MA,2026-01-27,354,390,36
MRK,2026-01-28,354,390,36
MS,2026-01-21,354,390,36
SBUX,2025-11-26,354,390,36
SBUX,2025-12-22,354,390,36
TGT,2025-12-03,354,390,36
UNH,2025-12-01,354,390,36
V,2025-12-18,354,390,36
ABBV,2025-12-10,355,390,35
BA,2025-12-19,355,390,35
BA,2026-01-29,355,390,35
CAT,2026-01-05,355,390,35
GE,2025-12-01,355,390,35
GE,2025-12-16,355,390,35
HD,2025-12-22,355,390,35
JNJ,2025-11-13,355,390,35
JNJ,2026-01-22,355,390,35
MCD,2025-11-04,355,390,35
META,2026-01-08,355,390,35
SLB,2025-12-30,355,390,35
BA,2026-01-13,356,390,34
CVX,2026-01-16,356,390,34
DIS,2026-01-15,356,390,34
GE,2025-11-18,356,390,34
HD,2025-12-01,356,390,34
JNJ,2025-11-20,356,390,34
JPM,2026-01-26,356,390,34
KO,2025-12-29,356,390,34
MCD,2026-01-07,356,390,34
MS,2026-01-20,356,390,34
SLB,2025-12-29,356,390,34
UNH,2025-11-06,356,390,34
UNH,2026-01-02,356,390,34
V,2026-01-15,356,390,34
AMD,2025-12-23,357,390,33
AMD,2026-01-27,357,390,33
C,2026-01-27,357,390,33
CVX,2026-01-13,357,390,33
CVX,2026-01-15,357,390,33
DIS,2025-11-18,357,390,33
IBM,2026-01-20,357,390,33
LOW,2026-01-14,357,390,33
MA,2025-11-03,357,390,33
MCD,2025-12-11,357,390,33
UNH,2025-11-12,357,390,33
V,2025-12-16,357,390,33
AMD,2026-02-02,358,390,32
C,2026-01-26,358,390,32
COP,2025-12-05,358,390,32
CVX,2025-12-15,358,390,32
CVX,2026-01-23,358,390,32
GE,2025-12-03,358,390,32
GOOGL,2025-12-31,358,390,32
MA,2026-01-14,358,390,32
MA,2026-02-02,358,390,32
MS,2026-01-23,358,390,32
NFLX,2025-11-11,358,390,32
PEP,2026-01-27,358,390,32
DIS,2025-12-08,359,390,31
DIS,2026-01-22,359,390,31
GE,2026-01-05,359,390,31
HD,2026-01-22,359,390,31
JPM,2025-11-26,359,390,31
JPM,2025-12-17,359,390,31
JPM,2025-12-18,359,390,31
JPM,2026-01-06,359,390,31
KO,2025-12-31,359,390,31
LLY,2025-12-16,359,390,31
MA,2026-01-26,359,390,31
MA,2026-01-28,359,390,31
MA,2026-01-30,359,390,31
MCD,2025-12-12,359,390,31
TGT,2025-11-11,359,390,31
TGT,2025-12-29,359,390,31
UNH,2025-12-16,359,390,31
UNH,2026-02-02,359,390,31
V,2025-11-11,359,390,31
ABBV,2026-01-06,360,390,30
BA,2025-12-04,360,390,30
COST,2025-12-12,360,390,30
GE,2026-01-28,360,390,30
LLY,2025-11-11,360,390,30
MCD,2025-11-05,360,390,30
MCD,2025-11-14,360,390,30
MCD,2026-01-05,360,390,30
PEP,2026-02-02,360,390,30
SBUX,2026-01-15,360,390,30
UNH,2026-01-20,360,390,30
V,2025-11-17,360,390,30
AMD,2026-01-22,361,390,29
COP,2025-11-17,361,390,29
COP,2025-12-15,361,390,29
COP,2026-02-03,361,390,29
DIS,2026-01-23,361,390,29
GE,2025-11-10,361,390,29
HD,2025-12-04,361,390,29
HD,2026-01-08,361,390,29
JPM,2026-01-09,361,390,29
LLY,2025-11-10,361,390,29
PEP,2025-12-10,361,390,29
PFE,2025-12-17,361,390,29
SBUX,2025-12-03,361,390,29
SBUX,2025-12-09,361,390,29
SBUX,2025-12-17,361,390,29
SBUX,2026-01-09,361,390,29
AMD,2026-01-16,362,390,28
AMZN,2025-12-26,362,390,28
COP,2025-12-17,362,390,28
COP,2025-12-30,362,390,28
CVX,2026-01-26,362,390,28
GE,2025-11-12,362,390,28
HD,2025-12-11,362,390,28
JNJ,2025-11-18,362,390,28
JPM,2025-11-25,362,390,28
JPM,2025-12-16,362,390,28
LLY,2026-02-03,362,390,28
LOW,2025-12-10,362,390,28
MCD,2025-11-10,362,390,28
SBUX,2025-12-16,362,390,28
V,2025-11-05,362,390,28
ADBE,2026-01-30,363,390,27
AMD,2026-01-28,363,390,27
BA,2025-12-03,363,390,27
COP,2025-11-11,363,390,27
COP,2025-11-18,363,390,27
COP,2026-01-13,363,390,27
COP,2026-01-23,363,390,27
CVX,2025-11-12,363,390,27
DIS,2025-11-11,363,390,27
GOOGL,2025-12-30,363,390,27
IBM,2025-11-17,363,390,27
IBM,2025-11-20,363,390,27
IBM,2026-01-05,363,390,27
JPM,2025-11-17,363,390,27
LOW,2025-11-21,363,390,27
PEP,2026-01-29,363,390,27
SBUX,2025-11-18,363,390,27
SBUX,2025-12-23,363,390,27
SBUX,2026-01-30,363,390,27
SLB,2025-11-24,363,390,27
UNH,2025-11-10,363,390,27
UNH,2026-01-15,363,390,27
UNH,2026-01-26,363,390,27
ADBE,2026-01-26,364,390,26
ADBE,2026-02-02,364,390,26
AMD,2025-12-30,364,390,26
BA,2026-01-28,364,390,26
COP,2026-01-29,364,390,26
CVX,2026-01-27,364,390,26
DIS,2025-12-11,364,390,26
GE,2025-12-04,364,390,26
HD,2025-12-18,364,390,26
HD,2026-01-27,364,390,26
IBM,2025-11-24,364,390,26
JPM,2025-11-13,364,390,26
LLY,2025-11-14,364,390,26
MCD,2025-11-11,364,390,26
PFE,2025-12-04,364,390,26
UNH,2025-12-15,364,390,26
V,2025-11-20,364,390,26
V,2026-01-02,364,390,26
V,2026-01-16,364,390,26
ADBE,2025-12-10,365,390,25
ADBE,2025-12-11,365,390,25
COP,2026-01-09,365,390,25
CVX,2026-01-07,365,390,25
DIS,2025-11-07,365,390,25
GE,2025-11-05,365,390,25
GE,2025-12-10,365,390,25
IBM,2025-11-18,365,390,25
JNJ,2026-01-14,365,390,25
LOW,2025-11-17,365,390,25
MA,2026-01-29,365,390,25
MRK,2025-11-05,365,390,25
MS,2026-01-14,365,390,25
SBUX,2025-12-12,365,390,25
SBUX,2026-01-05,365,390,25
SBUX,2026-02-02,365,390,25
SLB,2025-11-07,365,390,25
SLB,2025-12-23,365,390,25
TGT,2025-12-18,365,390,25
V,2025-11-13,365,390,25
ADBE,2026-01-13,366,390,24
BAC,2025-12-31,366,390,24
COP,2026-01-14,366,390,24
COP,2026-01-27,366,390,24
CVX,2026-01-05,366,390,24
DIS,2025-12-03,366,390,24
DIS,2026-01-14,366,390,24
HD,2025-11-21,366,390,24
HD,2025-12-12,366,390,24
HD,2025-12-23,366,390,24
LLY,2025-11-06,366,390,24
SBUX,2025-12-19,366,390,24
UNH,2025-11-21,366,390,24
V,2026-01-12,366,390,24
WFC,2025-12-30,366,390,24
CAT,2025-12-12,367,390,23
DIS,2025-12-18,367,390,23
GE,2025-12-22,367,390,23
HD,2026-01-05,367,390,23
JPM,2026-01-02,367,390,23
JPM,2026-01-07,367,390,23
LLY,2025-11-04,367,390,23
META,2026-01-15,367,390,23
PFE,2025-12-09,367,390,23
SBUX,2025-12-15,367,390,23
SLB,2025-11-26,367,390,23
UNH,2025-11-11,367,390,23
UNH,2026-01-16,367,390,23
ABBV,2025-11-03,368,390,22
ADBE,2025-12-19,368,390,22
AMD,2025-12-22,368,390,22
DIS,2025-12-19,368,390,22
IBM,2025-11-06,368,390,22
JPM,2025-11-21,368,390,22
KO,2025-12-23,368,390,22
KO,2026-01-02,368,390,22
ORCL,2025-12-31,368,390,22
SLB,2025-11-11,368,390,22
C,2025-12-01,369,390,21
C,2025-12-17,369,390,21
C,2025-12-29,369,390,21
GE,2026-01-20,369,390,21
GOOGL,2025-12-26,369,390,21
JNJ,2025-11-21,369,390,21
JPM,2025-11-18,369,390,21
JPM,2025-12-03,369,390,21
LLY,2025-11-05,369,390,21
LOW,2025-11-25,369,390,21
META,2025-12-29,369,390,21
NKE,2026-02-02,369,390,21
SBUX,2025-12-02,369,390,21
TGT,2026-02-03,369,390,21
UNH,2026-01-13,369,390,21
V,2025-12-12,369,390,21
V,2026-01-23,369,390,21
WFC,2025-12-26,369,390,21
AMD,2026-01-08,370,390,20
C,2025-11-24,370,390,20
COP,2025-11-14,370,390,20
DIS,2026-01-09,370,390,20
GE,2025-11-06,370,390,20
HD,2025-12-08,370,390,20
HD,2026-01-20,370,390,20
JPM,2025-11-12,370,390,20
MRK,2026-01-12,370,390,20
MS,2026-01-22,370,390,20
PEP,2026-02-03,370,390,20
PFE,2026-01-06,370,390,20
PYPL,2025-12-11,370,390,20
SLB,2025-11-05,370,390,20
TGT,2025-11-21,370,390,20
UNH,2025-11-13,370,390,20
UNH,2025-11-20,370,390,20
UNH,2026-01-05,370,390,20
V,2025-12-08,370,390,20
V,2026-01-21,370,390,20
AMD,2025-12-03,371,390,19
AMD,2026-01-07,371,390,19
BAC,2025-12-26,371,390,19
C,2025-11-03,371,390,19
C,2025-11-05,371,390,19
C,2025-11-25,371,390,19
C,2026-01-02,371,390,19
CAT,2025-12-17,371,390,19
COP,2026-01-15,371,390,19
COP,2026-01-22,371,390,19
GE,2025-12-11,371,390,19
GE,2026-02-03,371,390,19
HD,2025-12-19,371,390,19
JPM,2026-01-05,371,390,19
KO,2025-11-26,371,390,19
KO,2025-12-03,371,390,19
META,2025-12-03,371,390,19
MRK,2025-11-10,371,390,19
MRK,2026-01-02,371,390,19
MS,2026-01-15,371,390,19
PYPL,2025-12-26,371,390,19
PYPL,2026-01-26,371,390,19
SBUX,2025-12-05,371,390,19
SBUX,2026-01-07,371,390,19
TGT,2025-11-18,371,390,19
UNH,2026-01-30,371,390,19
V,2026-01-26,371,390,19
WMT,2025-12-31,371,390,19
XOM,2025-11-26,371,390,19
C,2025-11-14,372,390,18
DIS,2025-12-15,372,390,18
HD,2026-01-12,372,390,18
HD,2026-02-03,372,390,18
JPM,2025-11-03,372,390,18
JPM,2025-12-01,372,390,18
JPM,2025-12-02,372,390,18
META,2026-01-02,372,390,18
META,2026-01-06,372,390,18
MSFT,2025-12-23,372,390,18
PFE,2025-12-23,372,390,18
PYPL,2026-01-23,372,390,18
SBUX,2025-11-24,372,390,18
SLB,2025-12-02,372,390,18
V,2025-11-04,372,390,18
V,2026-01-05,372,390,18
V,2026-01-28,372,390,18
AAPL,2025-12-30,373,390,17
AMD,2026-01-09,373,390,17
C,2025-11-19,373,390,17
C,2026-01-29,373,390,17
DIS,2025-11-03,373,390,17
DIS,2025-12-05,373,390,17
DIS,2025-12-17,373,390,17
HD,2025-12-05,373,390,17
JPM,2026-01-23,373,390,17
KO,2025-12-09,373,390,17
MRK,2025-12-23,373,390,17
NKE,2025-12-03,373,390,17
SBUX,2026-01-26,373,390,17
SLB,2025-11-17,373,390,17
SLB,2025-11-25,373,390,17
SLB,2025-12-22,373,390,17
UNH,2025-11-14,373,390,17
UNH,2025-11-18,373,390,17
WFC,2025-12-29,373,390,17
WMT,2025-12-26,373,390,17
C,2025-12-04,374,390,16
C,2025-12-12,374,390,16
C,2025-12-26,374,390,16
C,2026-01-07,374,390,16
COP,2025-11-21,374,390,16
CVX,2026-01-21,374,390,16
DIS,2025-11-06,374,390,16
JNJ,2025-11-19,374,390,16
JPM,2025-12-04,374,390,16
JPM,2025-12-19,374,390,16
JPM,2026-01-28,374,390,16
KO,2026-01-23,374,390,16
META,2026-01-16,374,390,16
PYPL,2025-11-26,374,390,16
PYPL,2025-12-30,374,390,16
PYPL,2026-01-13,374,390,16
SBUX,2025-11-21,374,390,16
SBUX,2025-11-25,374,390,16
SBUX,2026-01-22,374,390,16
SLB,2025-11-06,374,390,16
V,2025-12-19,374,390,16
C,2025-11-04,375,390,15
COP,2025-12-10,375,390,15
COP,2025-12-16,375,390,15
COP,2026-01-06,375,390,15
COP,2026-01-08,375,390,15
CVX,2026-01-22,375,390,15
DIS,2026-01-27,375,390,15
GE,2025-11-14,375,390,15
GE,2026-01-09,375,390,15
GOOGL,2025-12-29,375,390,15
INTC,2025-12-23,375,390,15
KO,2026-01-21,375,390,15
MA,2026-01-22,375,390,15
MRK,2026-01-29,375,390,15
MSFT,2025-12-30,375,390,15
NKE,2026-01-28,375,390,15
ORCL,2026-01-15,375,390,15
PYPL,2025-11-11,375,390,15
SBUX,2025-11-11,375,390,15
SLB,2025-11-10,375,390,15
SLB,2025-12-01,375,390,15
UNH,2025-11-04,375,390,15
UNH,2025-12-12,375,390,15
V,2025-11-21,375,390,15
V,2025-12-17,375,390,15
V,2026-01-22,375,390,15
AMD,2026-01-26,376,390,14
AVGO,2025-12-29,376,390,14
BA,2025-11-20,376,390,14
C,2025-11-06,376,390,14
C,2025-11-10,376,390,14
C,2025-12-23,376,390,14
C,2026-01-23,376,390,14
C,2026-01-28,376,390,14
COP,2026-01-21,376,390,14
DIS,2025-11-21,376,390,14
GE,2026-01-08,376,390,14
GOOGL,2026-01-09,376,390,14
GOOGL,2026-01-22,376,390,14
JNJ,2025-11-06,376,390,14
KO,2026-01-26,376,390,14
MRK,2025-11-20,376,390,14
MRK,2026-01-13,376,390,14
MRK,2026-01-22,376,390,14
NKE,2025-11-10,376,390,14
PFE,2026-01-30,376,390,14
PYPL,2026-01-06,376,390,14
PYPL,2026-01-12,376,390,14
PYPL,2026-01-27,376,390,14
RTX,2026-01-09,376,390,14
SBUX,2025-11-20,376,390,14
SBUX,2025-12-04,376,390,14
SBUX,2026-01-06,376,390,14
SLB,2025-11-14,376,390,14
TGT,2025-12-22,376,390,14
V,2025-11-06,376,390,14
ADBE,2026-02-03,377,390,13
AMD,2026-01-23,377,390,13
COP,2026-01-20,377,390,13
CVX,2026-01-14,377,390,13
CVX,2026-01-28,377,390,13
DIS,2025-11-10,377,390,13
DIS,2025-11-20,377,390,13
GE,2026-01-26,377,390,13
GE,2026-01-27,377,390,13
GE,2026-01-30,377,390,13
HD,2025-11-18,377,390,13
JPM,2025-11-24,377,390,13
KO,2025-12-04,377,390,13
MRK,2026-01-14,377,390,13
PYPL,2025-12-23,377,390,13
RTX,2026-01-27,377,390,13
SBUX,2026-01-20,377,390,13
SLB,2025-11-13,377,390,13
V,2025-11-14,377,390,13
V,2026-01-27,377,390,13
WFC,2025-11-26,377,390,13
WFC,2025-12-22,377,390,13
AMD,2025-12-18,378,390,12
C,2025-11-12,378,390,12
COP,2025-12-11,378,390,12
COP,2026-01-07,378,390,12
DIS,2026-01-16,378,390,12
GE,2025-11-07,378,390,12
GE,2025-12-05,378,390,12
GE,2026-01-29,378,390,12
GOOGL,2026-02-02,378,390,12
KO,2025-11-24,378,390,12
KO,2025-12-19,378,390,12
KO,2026-01-12,378,390,12
META,2025-11-26,378,390,12
NFLX,2025-11-06,378,390,12
NKE,2025-12-02,378,390,12
PFE,2026-01-02,378,390,12
PYPL,2025-12-01,378,390,12
PYPL,2025-12-12,378,390,12
SLB,2025-12-17,378,390,12
UNH,2026-01-21,378,390,12
V,2025-11-12,378,390,12
WFC,2026-01-02,378,390,12
XOM,2025-12-05,378,390,12
AMD,2026-01-14,379,390,11
BA,2026-01-27,379,390,11
C,2025-11-13,379,390,11
C,2026-01-21,379,390,11
C,2026-02-02,379,390,11
GOOGL,2026-01-30,379,390,11
HD,2026-01-09,379,390,11
IBM,2026-01-28,379,390,11
JPM,2025-11-14,379,390,11
JPM,2025-11-20,379,390,11
JPM,2026-01-15,379,390,11
KO,2025-12-05,379,390,11
KO,2025-12-15,379,390,11
KO,2025-12-22,379,390,11
LLY,2025-11-03,379,390,11
MA,2026-01-15,379,390,11
MRK,2025-12-10,379,390,11
NFLX,2025-11-04,379,390,11
NKE,2025-11-26,379,390,11
NKE,2025-12-01,379,390,11
NKE,2025-12-05,379,390,11
NKE,2025-12-09,379,390,11
NKE,2026-01-29,379,390,11
PFE,2025-12-02,379,390,11
PFE,2025-12-22,379,390,11
PFE,2026-01-07,379,390,11
PYPL,2025-11-12,379,390,11
PYPL,2025-12-31,379,390,11
SBUX,2025-11-13,379,390,11
SLB,2025-11-12,379,390,11
XOM,2025-12-31,379,390,11
ADBE,2026-01-29,380,390,10
AMD,2026-01-05,380,390,10
C,2025-11-11,380,390,10
C,2025-12-03,380,390,10
C,2025-12-18,380,390,10
C,2026-02-03,380,390,10
CVX,2026-01-08,380,390,10
DIS,2025-11-17,380,390,10
DIS,2025-12-01,380,390,10
GE,2026-01-23,380,390,10
GOOGL,2026-01-21,380,390,10
HD,2025-11-19,380,390,10
IBM,2026-01-29,380,390,10
JPM,2025-11-04,380,390,10
JPM,2025-11-05,380,390,10
JPM,2026-01-22,380,390,10
JPM,2026-02-02,380,390,10
KO,2025-11-17,380,390,10
KO,2026-01-07,380,390,10
KO,2026-01-22,380,390,10
META,2025-12-09,380,390,10
MRK,2025-11-06,380,390,10
MRK,2026-01-26,380,390,10
MRK,2026-01-27,380,390,10
MSFT,2025-12-29,380,390,10
ORCL,2025-12-26,380,390,10
PYPL,2026-01-16,380,390,10
SLB,2025-11-03,380,390,10
SLB,2025-12-10,380,390,10
UNH,2025-12-03,380,390,10
V,2026-01-08,380,390,10
WFC,2025-11-03,380,390,10
WFC,2025-12-02,380,390,10
WFC,2025-12-05,380,390,10
WFC,2025-12-31,380,390,10
WMT,2025-12-30,380,390,10
XOM,2025-11-12,380,390,10
XOM,2025-12-26,380,390,10
ADBE,2026-01-14,381,390,9
AMZN,2025-12-30,381,390,9
BAC,2025-11-26,381,390,9
C,2025-12-09,381,390,9
C,2026-01-08,381,390,9
CVX,2026-01-09,381,390,9
CVX,2026-01-20,381,390,9
DIS,2025-11-12,381,390,9
HD,2026-01-14,381,390,9
JPM,2025-11-19,381,390,9
JPM,2026-01-12,381,390,9
JPM,2026-01-21,381,390,9
KO,2025-11-13,381,390,9
KO,2025-11-14,381,390,9
KO,2025-12-18,381,390,9
META,2025-11-10,381,390,9
META,2025-12-08,381,390,9
META,2026-01-05,381,390,9
META,2026-01-12,381,390,9
MRK,2025-12-01,381,390,9
NFLX,2025-11-12,381,390,9
NKE,2025-11-24,381,390,9
ORCL,2025-12-29,381,390,9
PYPL,2025-11-03,381,390,9
PYPL,2025-11-10,381,390,9
SBUX,2025-11-04,381,390,9
SBUX,2025-11-06,381,390,9
SBUX,2025-11-19,381,390,9
SBUX,2025-12-01,381,390,9
SBUX,2026-01-23,381,390,9
SBUX,2026-01-29,381,390,9
SBUX,2026-02-03,381,390,9
TGT,2025-11-20,381,390,9
UNH,2025-12-11,381,390,9
UNH,2026-01-23,381,390,9
XOM,2025-12-02,381,390,9
XOM,2025-12-04,381,390,9
XOM,2026-01-09,381,390,9
AAPL,2025-12-26,382,390,8
AMD,2025-12-01,382,390,8
AMZN,2025-12-23,382,390,8
AVGO,2025-12-26,382,390,8
C,2025-12-11,382,390,8
C,2025-12-16,382,390,8
GOOGL,2025-11-11,382,390,8
IBM,2026-02-03,382,390,8
JPM,2026-01-20,382,390,8
JPM,2026-01-29,382,390,8
KO,2025-11-04,382,390,8
KO,2025-11-25,382,390,8
KO,2026-01-06,382,390,8
LOW,2025-11-19,382,390,8
MRK,2025-12-09,382,390,8
MRK,2025-12-16,382,390,8
MRK,2026-01-15,382,390,8
MRK,2026-01-23,382,390,8
MSFT,2025-12-09,382,390,8
NKE,2026-01-12,382,390,8
ORCL,2025-11-05,382,390,8
ORCL,2026-01-02,382,390,8
ORCL,2026-01-07,382,390,8
PFE,2025-12-03,382,390,8
PFE,2025-12-19,382,390,8
PYPL,2025-11-13,382,390,8
SBUX,2025-11-12,382,390,8
SLB,2025-11-04,382,390,8
SLB,2025-12-15,382,390,8
TGT,2026-01-06,382,390,8
TSLA,2026-01-27,382,390,8
V,2026-01-06,382,390,8
V,2026-01-20,382,390,8
AAPL,2025-12-29,383,390,7
AMZN,2025-12-31,383,390,7
AVGO,2025-11-10,383,390,7
BA,2025-12-02,383,390,7
BAC,2025-12-09,383,390,7
BAC,2025-12-29,383,390,7
BAC,2026-01-22,383,390,7
C,2025-11-20,383,390,7
C,2025-12-22,383,390,7
DIS,2025-11-14,383,390,7
DIS,2025-12-12,383,390,7
GE,2026-01-21,383,390,7
KO,2025-12-08,383,390,7
KO,2025-12-17,383,390,7
KO,2026-01-16,383,390,7
LOW,2025-11-18,383,390,7
META,2025-11-05,383,390,7
MRK,2025-11-03,383,390,7
MRK,2025-11-26,383,390,7
MRK,2025-12-11,383,390,7
MRK,2025-12-18,383,390,7
NFLX,2025-11-10,383,390,7
NKE,2025-12-30,383,390,7
PEP,2026-01-20,383,390,7
SBUX,2025-11-14,383,390,7
SBUX,2025-11-17,383,390,7
SBUX,2025-12-10,383,390,7
SLB,2025-12-05,383,390,7
TGT,2025-11-19,383,390,7
UNH,2025-11-19,383,390,7
V,2025-11-19,383,390,7
WFC,2025-11-17,383,390,7
ADBE,2025-12-05,384,390,6
AMD,2025-12-09,384,390,6
AVGO,2025-11-12,384,390,6
AVGO,2026-01-12,384,390,6
BAC,2025-11-10,384,390,6
BAC,2025-11-11,384,390,6
BAC,2025-12-22,384,390,6
BAC,2025-12-23,384,390,6
BAC,2026-01-26,384,390,6
C,2026-01-12,384,390,6
C,2026-01-22,384,390,6
CVX,2026-01-29,384,390,6
DIS,2025-11-19,384,390,6
DIS,2025-12-10,384,390,6
DIS,2026-01-05,384,390,6
GE,2025-11-21,384,390,6
GE,2025-12-12,384,390,6
GOOGL,2026-01-15,384,390,6
GOOGL,2026-01-27,384,390,6
IBM,2025-11-21,384,390,6
INTC,2025-11-05,384,390,6
INTC,2025-12-29,384,390,6
KO,2025-12-01,384,390,6
KO,2025-12-10,384,390,6
KO,2025-12-16,384,390,6
KO,2026-01-08,384,390,6
KO,2026-01-09,384,390,6
META,2025-12-05,384,390,6
META,2025-12-11,384,390,6
META,2025-12-18,384,390,6
META,2026-01-09,384,390,6
MRK,2025-11-04,384,390,6
MRK,2025-11-07,384,390,6
MRK,2025-12-17,384,390,6
MRK,2026-01-30,384,390,6
MRK,2026-02-02,384,390,6
NFLX,2025-11-05,384,390,6
NKE,2025-11-25,384,390,6
ORCL,2025-11-10,384,390,6
ORCL,2026-01-06,384,390,6
PFE,2025-12-05,384,390,6
PFE,2025-12-11,384,390,6
PFE,2026-01-09,384,390,6
PFE,2026-01-15,384,390,6
PFE,2026-01-23,384,390,6
PYPL,2025-12-09,384,390,6
PYPL,2026-01-15,384,390,6
SBUX,2025-11-03,384,390,6
SBUX,2025-12-18,384,390,6
SLB,2025-12-03,384,390,6
SLB,2025-12-19,384,390,6
SLB,2026-01-07,384,390,6
SLB,2026-01-09,384,390,6
UNH,2025-11-07,384,390,6
V,2025-11-18,384,390,6
WFC,2025-11-20,384,390,6
WFC,2025-12-01,384,390,6
WFC,2025-12-16,384,390,6
WFC,2025-12-18,384,390,6
XOM,2025-11-10,384,390,6
XOM,2025-11-18,384,390,6
XOM,2025-11-25,384,390,6
XOM,2025-12-30,384,390,6
XOM,2026-01-28,384,390,6
AAPL,2025-12-10,385,390,5
AAPL,2025-12-23,385,390,5
AMD,2025-12-16,385,390,5
AMD,2026-01-20,385,390,5
AMZN,2025-12-29,385,390,5
BAC,2025-12-01,385,390,5
BAC,2026-01-12,385,390,5
BAC,2026-01-27,385,390,5
C,2025-11-21,385,390,5
C,2026-01-15,385,390,5
C,2026-01-30,385,390,5
DIS,2026-01-29,385,390,5
DIS,2026-01-30,385,390,5
GOOGL,2025-12-09,385,390,5
GOOGL,2025-12-19,385,390,5
GOOGL,2026-01-23,385,390,5
GOOGL,2026-01-26,385,390,5
INTC,2025-12-26,385,390,5
JPM,2025-12-11,385,390,5
JPM,2025-12-15,385,390,5
JPM,2026-02-03,385,390,5
META,2025-12-17,385,390,5
META,2026-01-21,385,390,5
MRK,2025-11-12,385,390,5
MRK,2025-12-02,385,390,5
MRK,2025-12-03,385,390,5
MRK,2025-12-04,385,390,5
MSFT,2025-12-31,385,390,5
NKE,2025-12-04,385,390,5
NKE,2025-12-15,385,390,5
NKE,2026-01-16,385,390,5
NKE,2026-01-23,385,390,5
PYPL,2025-11-06,385,390,5
PYPL,2025-12-08,385,390,5
PYPL,2026-01-07,385,390,5
PYPL,2026-01-09,385,390,5
SBUX,2026-01-21,385,390,5
TGT,2026-01-05,385,390,5
TSLA,2026-01-26,385,390,5
V,2026-01-14,385,390,5
WFC,2026-01-12,385,390,5
WFC,2026-01-15,385,390,5
WMT,2025-11-03,385,390,5
WMT,2025-11-12,385,390,5
WMT,2025-12-29,385,390,5
WMT,2026-01-30,385,390,5
XOM,2025-11-21,385,390,5
AMD,2025-12-08,386,390,4
AMD,2025-12-15,386,390,4
AMZN,2025-12-09,386,390,4
C,2025-12-19,386,390,4
C,2026-01-05,386,390,4
COP,2025-11-07,386,390,4
COP,2026-01-12,386,390,4
GOOGL,2025-12-08,386,390,4
GOOGL,2026-01-28,386,390,4
JPM,2025-11-06,386,390,4
JPM,2025-11-07,386,390,4
KO,2025-11-06,386,390,4
KO,2025-11-12,386,390,4
KO,2025-11-18,386,390,4
KO,2026-01-14,386,390,4
KO,2026-01-27,386,390,4
KO,2026-01-28,386,390,4
MA,2026-02-03,386,390,4
META,2026-01-26,386,390,4
MSFT,2025-11-11,386,390,4
MSFT,2025-12-05,386,390,4
NKE,2026-01-14,386,390,4
NKE,2026-01-22,386,390,4
NKE,2026-01-30,386,390,4
ORCL,2025-11-11,386,390,4
PFE,2025-12-10,386,390,4
PFE,2026-01-08,386,390,4
PYPL,2025-11-05,386,390,4
PYPL,2025-12-05,386,390,4
PYPL,2025-12-16,386,390,4
PYPL,2026-01-08,386,390,4
SLB,2025-11-18,386,390,4
SLB,2025-12-11,386,390,4
SLB,2025-12-12,386,390,4
SLB,2025-12-18,386,390,4
SLB,2026-01-20,386,390,4
UNH,2026-01-22,386,390,4
UNH,2026-02-03,386,390,4
V,2026-01-30,386,390,4
WFC,2025-11-04,386,390,4
WFC,2025-11-05,386,390,4
WFC,2025-11-10,386,390,4
WFC,2025-11-11,386,390,4
WFC,2025-11-18,386,390,4
WFC,2025-12-04,386,390,4
WFC,2026-01-06,386,390,4
WFC,2026-02-02,386,390,4
WFC,2026-02-03,386,390,4
WMT,2025-11-05,386,390,4
WMT,2025-11-10,386,390,4
WMT,2026-01-22,386,390,4
XOM,2025-12-01,386,390,4
XOM,2025-12-03,386,390,4
XOM,2025-12-08,386,390,4
XOM,2025-12-22,386,390,4
XOM,2026-01-15,386,390,4
XOM,2026-01-16,386,390,4
AAPL,2025-12-31,387,390,3
AMD,2025-11-10,387,390,3
AMD,2025-12-10,387,390,3
AMD,2026-01-02,387,390,3
AMD,2026-01-15,387,390,3
AMD,2026-01-21,387,390,3
AMZN,2025-11-11,387,390,3
AMZN,2026-01-16,387,390,3
AVGO,2025-12-22,387,390,3
AVGO,2025-12-30,387,390,3
BAC,2025-11-19,387,390,3
BAC,2025-11-24,387,390,3
BAC,2025-12-30,387,390,3
BAC,2026-01-02,387,390,3
BAC,2026-01-06,387,390,3
BAC,2026-01-29,387,390,3
C,2026-01-13,387,390,3
CVX,2026-02-02,387,390,3
GOOGL,2025-11-12,387,390,3
GOOGL,2026-01-08,387,390,3
GOOGL,2026-02-03,387,390,3
JPM,2025-12-08,387,390,3
JPM,2025-12-09,387,390,3
JPM,2026-01-13,387,390,3
JPM,2026-01-27,387,390,3
KO,2025-11-10,387,390,3
KO,2025-12-12,387,390,3
KO,2026-01-13,387,390,3
MA,2026-01-13,387,390,3
META,2025-11-12,387,390,3
META,2026-01-07,387,390,3
META,2026-01-13,387,390,3
MRK,2025-11-11,387,390,3
MRK,2025-12-08,387,390,3
MRK,2025-12-15,387,390,3
MRK,2026-01-05,387,390,3
MRK,2026-01-07,387,390,3
MRK,2026-01-09,387,390,3
MRK,2026-01-21,387,390,3
MSFT,2025-12-22,387,390,3
NFLX,2025-11-03,387,390,3
NKE,2025-11-04,387,390,3
NKE,2025-11-12,387,390,3
NKE,2025-11-19,387,390,3
NKE,2025-12-08,387,390,3
NKE,2025-12-22,387,390,3
NKE,2025-12-29,387,390,3
NKE,2026-01-06,387,390,3
NKE,2026-01-15,387,390,3
NKE,2026-01-20,387,390,3
NKE,2026-01-26,387,390,3
NKE,2026-02-03,387,390,3
PFE,2025-12-18,387,390,3
PYPL,2025-11-04,387,390,3
PYPL,2025-11-18,387,390,3
PYPL,2025-12-17,387,390,3
PYPL,2026-01-14,387,390,3
PYPL,2026-01-21,387,390,3
SBUX,2025-11-10,387,390,3
SLB,2025-12-08,387,390,3
SLB,2026-01-06,387,390,3
SLB,2026-01-12,387,390,3
SLB,2026-01-13,387,390,3
SLB,2026-01-16,387,390,3
SLB,2026-01-26,387,390,3
SLB,2026-02-02,387,390,3
UNH,2025-11-03,387,390,3
V,2026-02-02,387,390,3
WFC,2025-11-19,387,390,3
WFC,2025-11-21,387,390,3
WFC,2025-12-15,387,390,3
WFC,2025-12-23,387,390,3
WFC,2026-01-05,387,390,3
WFC,2026-01-07,387,390,3
WFC,2026-01-23,387,390,3
WMT,2025-11-11,387,390,3
WMT,2025-11-26,387,390,3
WMT,2025-12-03,387,390,3
WMT,2025-12-22,387,390,3
WMT,2026-01-02,387,390,3
WMT,2026-01-05,387,390,3
WMT,2026-01-29,387,390,3
XOM,2025-12-11,387,390,3
XOM,2025-12-23,387,390,3
XOM,2026-01-21,387,390,3
AAPL,2025-12-02,388,390,2
AMD,2025-12-05,388,390,2
AMD,2026-01-29,388,390,2
AMD,2026-01-30,388,390,2
AMZN,2025-11-12,388,390,2
AMZN,2025-12-11,388,390,2
AMZN,2025-12-22,388,390,2
BAC,2025-11-06,388,390,2
BAC,2025-11-25,388,390,2
BAC,2025-12-10,388,390,2
BAC,2026-01-07,388,390,2
BAC,2026-01-09,388,390,2
BAC,2026-01-15,388,390,2
C,2025-11-07,388,390,2
C,2025-12-05,388,390,2
DIS,2026-02-02,388,390,2
GE,2025-12-15,388,390,2
GOOGL,2025-12-16,388,390,2
GOOGL,2026-01-02,388,390,2
GOOGL,2026-01-06,388,390,2
GOOGL,2026-01-16,388,390,2
INTC,2025-11-11,388,390,2
INTC,2025-12-19,388,390,2
JPM,2026-01-16,388,390,2
JPM,2026-01-30,388,390,2
KO,2025-11-03,388,390,2
KO,2025-11-11,388,390,2
KO,2025-11-20,388,390,2
KO,2025-12-02,388,390,2
KO,2026-02-02,388,390,2
META,2025-12-01,388,390,2
META,2025-12-19,388,390,2
META,2025-12-22,388,390,2
META,2026-02-03,388,390,2
MRK,2025-11-13,388,390,2
MRK,2025-11-17,388,390,2
MRK,2025-11-19,388,390,2
MRK,2025-11-24,388,390,2
MRK,2025-12-05,388,390,2
MRK,2025-12-12,388,390,2
MRK,2026-01-06,388,390,2
MSFT,2025-11-17,388,390,2
MSFT,2025-12-12,388,390,2
MSFT,2026-01-06,388,390,2
MSFT,2026-01-07,388,390,2
MSFT,2026-01-09,388,390,2
NKE,2025-11-03,388,390,2
NKE,2025-11-11,388,390,2
NKE,2025-11-20,388,390,2
NKE,2025-12-11,388,390,2
NKE,2025-12-23,388,390,2
NKE,2026-01-09,388,390,2
NKE,2026-01-27,388,390,2
PFE,2025-12-08,388,390,2
PFE,2026-01-05,388,390,2
PYPL,2025-11-25,388,390,2
PYPL,2025-12-02,388,390,2
PYPL,2025-12-22,388,390,2
PYPL,2025-12-29,388,390,2
PYPL,2026-01-22,388,390,2
PYPL,2026-01-30,388,390,2
SBUX,2026-01-27,388,390,2
SBUX,2026-01-28,388,390,2
SLB,2025-11-19,388,390,2
SLB,2025-12-16,388,390,2
SLB,2026-01-02,388,390,2
SLB,2026-01-08,388,390,2
UNH,2025-11-05,388,390,2
V,2025-12-15,388,390,2
V,2026-02-03,388,390,2
WFC,2025-11-13,388,390,2
WFC,2025-12-12,388,390,2
WFC,2026-01-20,388,390,2
WFC,2026-01-21,388,390,2
WFC,2026-01-27,388,390,2
WFC,2026-01-29,388,390,2
WMT,2025-11-06,388,390,2
WMT,2025-11-17,388,390,2
WMT,2025-11-25,388,390,2
WMT,2026-01-07,388,390,2
XOM,2025-11-24,388,390,2
XOM,2025-12-17,388,390,2
XOM,2026-01-08,388,390,2
XOM,2026-01-14,388,390,2
XOM,2026-01-22,388,390,2
AAPL,2025-12-09,389,390,1
AAPL,2025-12-11,389,390,1
AAPL,2026-01-02,389,390,1
AAPL,2026-01-13,389,390,1
AMD,2025-11-18,389,390,1
AMD,2025-12-02,389,390,1
AMD,2025-12-11,389,390,1
AMD,2025-12-17,389,390,1
AMD,2025-12-19,389,390,1
AMD,2026-01-06,389,390,1
AMD,2026-01-12,389,390,1
AMZN,2025-12-12,389,390,1
AMZN,2025-12-19,389,390,1
AMZN,2026-01-29,389,390,1
AVGO,2025-11-05,389,390,1
AVGO,2025-11-11,389,390,1
AVGO,2025-11-17,389,390,1
AVGO,2025-12-31,389,390,1
AVGO,2026-01-02,389,390,1
BAC,2025-11-04,389,390,1
BAC,2025-11-05,389,390,1
BAC,2025-12-05,389,390,1
BAC,2025-12-08,389,390,1
BAC,2025-12-15,389,390,1
BAC,2025-12-18,389,390,1
BAC,2025-12-19,389,390,1
BAC,2026-01-16,389,390,1
BAC,2026-01-23,389,390,1
BAC,2026-01-28,389,390,1
BAC,2026-02-02,389,390,1
BAC,2026-02-03,389,390,1
C,2026-01-16,389,390,1
CVX,2026-02-03,389,390,1
GOOGL,2025-11-03,389,390,1
GOOGL,2025-12-01,389,390,1
GOOGL,2025-12-02,389,390,1
GOOGL,2026-01-05,389,390,1
GOOGL,2026-01-07,389,390,1
INTC,2025-12-18,389,390,1
INTC,2026-01-06,389,390,1
JPM,2025-12-12,389,390,1
KO,2025-11-19,389,390,1
KO,2025-11-21,389,390,1
KO,2025-12-11,389,390,1
KO,2026-01-15,389,390,1
KO,2026-01-20,389,390,1
KO,2026-01-29,389,390,1
META,2025-11-06,389,390,1
META,2025-11-20,389,390,1
META,2025-12-12,389,390,1
META,2025-12-15,389,390,1
MRK,2025-11-21,389,390,1
MRK,2025-12-19,389,390,1
MRK,2026-01-16,389,390,1
MRK,2026-02-03,389,390,1
MSFT,2025-12-02,389,390,1
MSFT,2025-12-15,389,390,1
MSFT,2025-12-18,389,390,1
NFLX,2025-11-07,389,390,1
NKE,2025-11-06,389,390,1
NKE,2025-12-12,389,390,1
NKE,2025-12-17,389,390,1
NKE,2025-12-26,389,390,1
NKE,2026-01-08,389,390,1
NKE,2026-01-13,389,390,1
NVDA,2026-01-02,389,390,1
ORCL,2025-12-23,389,390,1
ORCL,2026-01-08,389,390,1
ORCL,2026-01-16,389,390,1
PFE,2026-01-16,389,390,1
PYPL,2025-11-14,389,390,1
PYPL,2025-12-03,389,390,1
PYPL,2025-12-04,389,390,1
PYPL,2025-12-10,389,390,1
PYPL,2026-01-05,389,390,1
PYPL,2026-01-20,389,390,1
PYPL,2026-01-28,389,390,1
SBUX,2025-11-05,389,390,1
SBUX,2025-11-07,389,390,1
SLB,2025-11-21,389,390,1
SLB,2025-12-04,389,390,1
SLB,2026-01-22,389,390,1
SLB,2026-01-27,389,390,1
TSLA,2025-11-12,389,390,1
V,2026-01-29,389,390,1
WFC,2025-11-07,389,390,1
WFC,2025-11-24,389,390,1
WFC,2025-12-11,389,390,1
WFC,2025-12-19,389,390,1
WFC,2026-01-08,389,390,1
WFC,2026-01-26,389,390,1
WFC,2026-01-28,389,390,1
WFC,2026-01-30,389,390,1
WMT,2025-11-04,389,390,1
WMT,2025-11-13,389,390,1
WMT,2025-11-18,389,390,1
WMT,2025-12-01,389,390,1
WMT,2025-12-08,389,390,1
WMT,2025-12-09,389,390,1
WMT,2025-12-18,389,390,1
WMT,2025-12-23,389,390,1
WMT,2026-01-09,389,390,1
WMT,2026-01-14,389,390,1
WMT,2026-01-21,389,390,1
WMT,2026-01-23,389,390,1
WMT,2026-01-26,389,390,1
WMT,2026-01-27,389,390,1
WMT,2026-01-28,389,390,1
WMT,2026-02-02,389,390,1
XOM,2025-11-04,389,390,1
XOM,2025-11-06,389,390,1
XOM,2025-11-11,389,390,1
XOM,2025-11-13,389,390,1
XOM,2025-11-17,389,390,1
XOM,2025-11-20,389,390,1
XOM,2025-12-10,389,390,1
XOM,2025-12-15,389,390,1
XOM,2025-12-16,389,390,1
XOM,2025-12-18,389,390,1
XOM,2025-12-19,389,390,1
XOM,2026-01-06,389,390,1
XOM,2026-01-12,389,390,1
XOM,2026-01-13,389,390,1
XOM,2026-01-20,389,390,1
XOM,2026-01-23,389,390,1
AAPL,2025-11-03,392,390,0
AAPL,2025-11-04,393,390,0
AAPL,2025-11-05,390,390,0
AAPL,2025-11-06,391,390,0
AAPL,2025-11-07,391,390,0
AAPL,2025-11-10,391,390,0
AAPL,2025-11-11,390,390,0
AAPL,2025-11-12,391,390,0
AAPL,2025-11-13,391,390,0
AAPL,2025-11-14,393,390,0
AAPL,2025-11-17,391,390,0
AAPL,2025-11-18,390,390,0
AAPL,2025-11-19,390,390,0
AAPL,2025-11-20,392,390,0
AAPL,2025-11-21,392,390,0
AAPL,2025-11-24,390,390,0
AAPL,2025-11-25,391,390,0
AAPL,2025-11-26,390,390,0
AAPL,2025-12-01,390,390,0
AAPL,2025-12-03,392,390,0
AAPL,2025-12-04,392,390,0
AAPL,2025-12-05,390,390,0
AAPL,2025-12-08,391,390,0
AAPL,2025-12-12,391,390,0
AAPL,2025-12-15,390,390,0
AAPL,2025-12-16,390,390,0
AAPL,2025-12-17,390,390,0
AAPL,2025-12-18,390,390,0
AAPL,2025-12-19,391,390,0
AAPL,2025-12-22,390,390,0
AAPL,2026-01-05,394,390,0
AAPL,2026-01-06,394,390,0
AAPL,2026-01-07,392,390,0
AAPL,2026-01-08,392,390,0
AAPL,2026-01-09,391,390,0
AAPL,2026-01-12,392,390,0
AAPL,2026-01-14,394,390,0
AAPL,2026-01-15,390,390,0
AAPL,2026-01-16,390,390,0
AAPL,2026-01-20,398,390,0
AAPL,2026-01-21,391,390,0
AAPL,2026-01-22,395,390,0
AAPL,2026-01-23,392,390,0
AAPL,2026-01-26,396,390,0
AAPL,2026-01-27,396,390,0
AAPL,2026-01-28,393,390,0
AAPL,2026-01-29,405,390,0
AAPL,2026-01-30,395,390,0
AAPL,2026-02-02,397,390,0
AAPL,2026-02-03,397,390,0
AMD,2025-11-03,395,390,0
AMD,2025-11-04,420,390,0
AMD,2025-11-05,392,390,0
AMD,2025-11-06,394,390,0
AMD,2025-11-07,395,390,0
AMD,2025-11-11,406,390,0
AMD,2025-11-12,400,390,0
AMD,2025-11-13,397,390,0
AMD,2025-11-14,390,390,0
AMD,2025-11-17,393,390,0
AMD,2025-11-19,408,390,0
AMD,2025-11-20,393,390,0
AMD,2025-11-21,395,390,0
AMD,2025-11-24,395,390,0
AMD,2025-11-25,399,390,0
AMD,2025-11-26,395,390,0
AMD,2025-12-04,392,390,0
AMD,2025-12-12,393,390,0
AMD,2026-01-13,394,390,0
AMD,2026-02-03,416,390,0
AMZN,2025-11-03,408,390,0
AMZN,2025-11-04,391,390,0
AMZN,2025-11-05,390,390,0
AMZN,2025-11-06,390,390,0
AMZN,2025-11-07,392,390,0
AMZN,2025-11-10,390,390,0
AMZN,2025-11-13,390,390,0
AMZN,2025-11-14,393,390,0
AMZN,2025-11-17,391,390,0
AMZN,2025-11-18,390,390,0
AMZN,2025-11-19,391,390,0
AMZN,2025-11-20,391,390,0
AMZN,2025-11-21,394,390,0
AMZN,2025-11-24,390,390,0
AMZN,2025-11-25,393,390,0
AMZN,2025-11-26,390,390,0
AMZN,2025-12-01,390,390,0
AMZN,2025-12-02,390,390,0
AMZN,2025-12-03,391,390,0
AMZN,2025-12-04,390,390,0
AMZN,2025-12-05,390,390,0
AMZN,2025-12-08,390,390,0
AMZN,2025-12-10,390,390,0
AMZN,2025-12-15,390,390,0
AMZN,2025-12-16,390,390,0
AMZN,2025-12-17,390,390,0
AMZN,2025-12-18,392,390,0
AMZN,2026-01-02,390,390,0
AMZN,2026-01-05,390,390,0
AMZN,2026-01-06,390,390,0
AMZN,2026-01-07,392,390,0
AMZN,2026-01-08,390,390,0
AMZN,2026-01-09,394,390,0
AMZN,2026-01-12,390,390,0
AMZN,2026-01-13,391,390,0
AMZN,2026-01-14,390,390,0
AMZN,2026-01-15,391,390,0
AMZN,2026-01-20,392,390,0
AMZN,2026-01-21,390,390,0
AMZN,2026-01-22,393,390,0
AMZN,2026-01-23,391,390,0
AMZN,2026-01-26,390,390,0
AMZN,2026-01-27,391,390,0
AMZN,2026-01-28,390,390,0
AMZN,2026-01-30,392,390,0
AMZN,2026-02-02,390,390,0
AMZN,2026-02-03,390,390,0
AVGO,2025-11-03,392,390,0
AVGO,2025-11-04,399,390,0
AVGO,2025-11-06,392,390,0
AVGO,2025-11-07,394,390,0
AVGO,2025-11-13,391,390,0
AVGO,2025-11-14,402,390,0
AVGO,2025-11-18,392,390,0
AVGO,2025-11-19,396,390,0
AVGO,2025-11-20,398,390,0
AVGO,2025-11-21,395,390,0
AVGO,2025-11-24,404,390,0
AVGO,2025-11-25,412,390,0
AVGO,2025-11-26,392,390,0
AVGO,2025-12-01,400,390,0
AVGO,2025-12-02,393,390,0
AVGO,2025-12-03,395,390,0
AVGO,2025-12-04,392,390,0
AVGO,2025-12-05,392,390,0
AVGO,2025-12-08,403,390,0
AVGO,2025-12-09,390,390,0
AVGO,2025-12-10,394,390,0
AVGO,2025-12-11,425,390,0
AVGO,2025-12-12,397,390,0
AVGO,2025-12-15,397,390,0
AVGO,2025-12-16,398,390,0
AVGO,2025-12-17,393,390,0
AVGO,2025-12-18,402,390,0
AVGO,2025-12-19,390,390,0
AVGO,2025-12-23,394,390,0
AVGO,2026-01-05,392,390,0
AVGO,2026-01-06,391,390,0
AVGO,2026-01-07,394,390,0
AVGO,2026-01-08,390,390,0
AVGO,2026-01-09,404,390,0
AVGO,2026-01-13,393,390,0
AVGO,2026-01-14,392,390,0
AVGO,2026-01-15,396,390,0
AVGO,2026-01-16,391,390,0
AVGO,2026-01-20,400,390,0
AVGO,2026-01-21,396,390,0
AVGO,2026-01-22,392,390,0
AVGO,2026-01-23,390,390,0
AVGO,2026-01-26,390,390,0
AVGO,2026-01-27,397,390,0
AVGO,2026-01-28,398,390,0
AVGO,2026-01-29,391,390,0
AVGO,2026-01-30,395,390,0
AVGO,2026-02-02,394,390,0
AVGO,2026-02-03,405,390,0
BAC,2025-11-03,390,390,0
BAC,2025-11-07,390,390,0
BAC,2025-11-12,390,390,0
BAC,2025-11-13,390,390,0
BAC,2025-11-14,390,390,0
BAC,2025-11-17,390,390,0
BAC,2025-11-18,390,390,0
BAC,2025-11-20,390,390,0
BAC,2025-11-21,390,390,0
BAC,2025-12-02,390,390,0
BAC,2025-12-03,390,390,0
BAC,2025-12-04,390,390,0
BAC,2025-12-11,390,390,0
BAC,2025-12-12,390,390,0
BAC,2025-12-16,390,390,0
BAC,2025-12-17,390,390,0
BAC,2026-01-05,390,390,0
BAC,2026-01-08,390,390,0
BAC,2026-01-13,390,390,0
BAC,2026-01-14,398,390,0
BAC,2026-01-20,390,390,0
BAC,2026-01-21,391,390,0
BAC,2026-01-30,390,390,0
C,2025-12-15,390,390,0
C,2026-01-14,395,390,0
C,2026-01-20,390,390,0
COP,2025-11-06,390,390,0
COP,2026-01-05,390,390,0
CVX,2026-01-30,390,390,0
DIS,2025-11-13,391,390,0
DIS,2026-02-03,390,390,0
GE,2026-01-22,390,390,0
GOOGL,2025-11-04,392,390,0
GOOGL,2025-11-05,392,390,0
GOOGL,2025-11-06,395,390,0
GOOGL,2025-11-07,391,390,0
GOOGL,2025-11-10,390,390,0
GOOGL,2025-11-13,390,390,0
GOOGL,2025-11-14,407,390,0
GOOGL,2025-11-17,393,390,0
GOOGL,2025-11-18,395,390,0
GOOGL,2025-11-19,397,390,0
GOOGL,2025-11-20,418,390,0
GOOGL,2025-11-21,397,390,0
GOOGL,2025-11-24,408,390,0
GOOGL,2025-11-25,399,390,0
GOOGL,2025-11-26,396,390,0
GOOGL,2025-12-03,390,390,0
GOOGL,2025-12-04,390,390,0
GOOGL,2025-12-05,394,390,0
GOOGL,2025-12-10,391,390,0
GOOGL,2025-12-11,394,390,0
GOOGL,2025-12-12,391,390,0
GOOGL,2025-12-15,391,390,0
GOOGL,2025-12-17,390,390,0
GOOGL,2025-12-18,390,390,0
GOOGL,2025-12-22,390,390,0
GOOGL,2025-12-23,390,390,0
GOOGL,2026-01-12,390,390,0
GOOGL,2026-01-13,392,390,0
GOOGL,2026-01-14,392,390,0
GOOGL,2026-01-20,392,390,0
GOOGL,2026-01-29,390,390,0
INTC,2025-11-03,399,390,0
INTC,2025-11-04,390,390,0
INTC,2025-11-06,390,390,0
INTC,2025-11-07,391,390,0
INTC,2025-11-10,408,390,0
INTC,2025-11-12,390,390,0
INTC,2025-11-13,411,390,0
INTC,2025-11-14,391,390,0
INTC,2025-11-17,391,390,0
INTC,2025-11-18,391,390,0
INTC,2025-11-19,393,390,0
INTC,2025-11-20,413,390,0
INTC,2025-11-21,393,390,0
INTC,2025-11-24,391,390,0
INTC,2025-11-25,390,390,0
INTC,2025-11-26,395,390,0
INTC,2025-12-01,390,390,0
INTC,2025-12-02,390,390,0
INTC,2025-12-03,391,390,0
INTC,2025-12-04,391,390,0
INTC,2025-12-05,394,390,0
INTC,2025-12-08,392,390,0
INTC,2025-12-09,394,390,0
INTC,2025-12-10,390,390,0
INTC,2025-12-11,391,390,0
INTC,2025-12-12,398,390,0
INTC,2025-12-15,390,390,0
INTC,2025-12-16,390,390,0
INTC,2025-12-17,390,390,0
INTC,2025-12-22,392,390,0
INTC,2025-12-30,390,390,0
INTC,2025-12-31,390,390,0
INTC,2026-01-02,404,390,0
INTC,2026-01-05,393,390,0
INTC,2026-01-07,390,390,0
INTC,2026-01-08,393,390,0
INTC,2026-01-09,394,390,0
INTC,2026-01-12,393,390,0
INTC,2026-01-13,411,390,0
INTC,2026-01-14,393,390,0
INTC,2026-01-15,398,390,0
INTC,2026-01-16,392,390,0
INTC,2026-01-20,403,390,0
INTC,2026-01-21,400,390,0
INTC,2026-01-22,439,390,0
INTC,2026-01-23,434,390,0
INTC,2026-01-26,393,390,0
INTC,2026-01-27,399,390,0
INTC,2026-01-28,396,390,0
INTC,2026-01-29,396,390,0
INTC,2026-01-30,394,390,0
INTC,2026-02-02,394,390,0
INTC,2026-02-03,402,390,0
JPM,2025-12-10,390,390,0
JPM,2026-01-14,390,390,0
KO,2025-11-07,390,390,0
KO,2026-01-05,390,390,0
KO,2026-01-30,390,390,0
KO,2026-02-03,390,390,0
META,2025-11-03,394,390,0
META,2025-11-04,390,390,0
META,2025-11-07,390,390,0
META,2025-11-11,391,390,0
META,2025-11-13,397,390,0
META,2025-11-14,390,390,0
META,2025-11-17,392,390,0
META,2025-11-18,396,390,0
META,2025-11-19,394,390,0
META,2025-11-21,391,390,0
META,2025-11-24,392,390,0
META,2025-11-25,398,390,0
META,2025-12-02,390,390,0
META,2025-12-04,395,390,0
META,2025-12-10,394,390,0
META,2025-12-16,391,390,0
META,2026-01-14,393,390,0
META,2026-01-20,390,390,0
META,2026-01-22,391,390,0
META,2026-01-23,393,390,0
META,2026-01-27,394,390,0
META,2026-01-28,446,390,0
META,2026-01-29,393,390,0
META,2026-01-30,392,390,0
META,2026-02-02,395,390,0
MRK,2025-11-14,390,390,0
MRK,2025-11-18,391,390,0
MRK,2025-11-25,390,390,0
MRK,2025-12-22,390,390,0
MRK,2026-01-08,390,390,0
MRK,2026-01-20,390,390,0
MSFT,2025-11-03,393,390,0
MSFT,2025-11-04,391,390,0
MSFT,2025-11-05,393,390,0
MSFT,2025-11-06,390,390,0
MSFT,2025-11-07,398,390,0
MSFT,2025-11-10,390,390,0
MSFT,2025-11-12,390,390,0
MSFT,2025-11-13,390,390,0
MSFT,2025-11-14,390,390,0
MSFT,2025-11-18,393,390,0
MSFT,2025-11-19,390,390,0
MSFT,2025-11-20,394,390,0
MSFT,2025-11-21,391,390,0
MSFT,2025-11-24,391,390,0
MSFT,2025-11-25,394,390,0
MSFT,2025-11-26,392,390,0
MSFT,2025-12-01,391,390,0
MSFT,2025-12-03,401,390,0
MSFT,2025-12-04,392,390,0
MSFT,2025-12-08,395,390,0
MSFT,2025-12-10,392,390,0
MSFT,2025-12-11,391,390,0
MSFT,2025-12-16,393,390,0
MSFT,2025-12-17,397,390,0
MSFT,2025-12-19,391,390,0
MSFT,2026-01-02,391,390,0
MSFT,2026-01-05,392,390,0
MSFT,2026-01-08,390,390,0
MSFT,2026-01-12,391,390,0
MSFT,2026-01-13,394,390,0
MSFT,2026-01-14,396,390,0
MSFT,2026-01-15,397,390,0
MSFT,2026-01-16,396,390,0
MSFT,2026-01-20,395,390,0
MSFT,2026-01-21,394,390,0
MSFT,2026-01-22,402,390,0
MSFT,2026-01-23,392,390,0
MSFT,2026-01-26,392,390,0
MSFT,2026-01-27,397,390,0
MSFT,2026-01-28,438,390,0
MSFT,2026-01-29,417,390,0
MSFT,2026-01-30,396,390,0
MSFT,2026-02-02,397,390,0
MSFT,2026-02-03,394,390,0
NFLX,2025-11-13,391,390,0
NFLX,2025-11-14,390,390,0
NFLX,2025-11-17,391,390,0
NFLX,2025-11-18,407,390,0
NFLX,2025-11-19,396,390,0
NFLX,2025-11-20,400,390,0
NFLX,2025-11-21,410,390,0
NFLX,2025-11-24,395,390,0
NFLX,2025-11-25,394,390,0
NFLX,2025-11-26,401,390,0
NFLX,2025-12-01,398,390,0
NFLX,2025-12-02,396,390,0
NFLX,2025-12-03,432,390,0
NFLX,2025-12-04,401,390,0
NFLX,2025-12-05,464,390,0
NFLX,2025-12-08,407,390,0
NFLX,2025-12-09,397,390,0
NFLX,2025-12-10,393,390,0
NFLX,2025-12-11,397,390,0
NFLX,2025-12-12,394,390,0
NFLX,2025-12-15,394,390,0
NFLX,2025-12-16,408,390,0
NFLX,2025-12-17,397,390,0
NFLX,2025-12-18,391,390,0
NFLX,2025-12-19,391,390,0
NFLX,2025-12-22,395,390,0
NFLX,2025-12-23,395,390,0
NFLX,2025-12-26,390,390,0
NFLX,2025-12-29,390,390,0
NFLX,2025-12-30,392,390,0
NFLX,2025-12-31,391,390,0
NFLX,2026-01-02,390,390,0
NFLX,2026-01-05,392,390,0
NFLX,2026-01-06,393,390,0
NFLX,2026-01-07,392,390,0
NFLX,2026-01-08,391,390,0
NFLX,2026-01-09,391,390,0
NFLX,2026-01-12,393,390,0
NFLX,2026-01-13,397,390,0
NFLX,2026-01-14,397,390,0
NFLX,2026-01-15,395,390,0
NFLX,2026-01-16,396,390,0
NFLX,2026-01-20,447,390,0
NFLX,2026-01-21,433,390,0
NFLX,2026-01-22,395,390,0
NFLX,2026-01-23,394,390,0
NFLX,2026-01-26,394,390,0
NFLX,2026-01-27,394,390,0
NFLX,2026-01-28,395,390,0
NFLX,2026-01-29,398,390,0
NFLX,2026-01-30,393,390,0
NFLX,2026-02-02,396,390,0
NFLX,2026-02-03,407,390,0
NKE,2025-11-05,390,390,0
NKE,2025-11-07,390,390,0
NKE,2025-11-13,392,390,0
NKE,2025-11-14,390,390,0
NKE,2025-11-17,390,390,0
NKE,2025-11-18,390,390,0
NKE,2025-11-21,390,390,0
NKE,2025-12-10,390,390,0
NKE,2025-12-16,390,390,0
NKE,2025-12-18,409,390,0
NKE,2025-12-19,390,390,0
NKE,2025-12-31,392,390,0
NKE,2026-01-02,390,390,0
NKE,2026-01-05,392,390,0
NKE,2026-01-07,391,390,0
NKE,2026-01-21,390,390,0
NVDA,2025-11-03,405,390,0
NVDA,2025-11-04,411,390,0
NVDA,2025-11-05,405,390,0
NVDA,2025-11-06,392,390,0
NVDA,2025-11-07,399,390,0
NVDA,2025-11-10,401,390,0
NVDA,2025-11-11,400,390,0
NVDA,2025-11-12,397,390,0
NVDA,2025-11-13,401,390,0
NVDA,2025-11-14,409,390,0
NVDA,2025-11-17,390,390,0
NVDA,2025-11-18,406,390,0
NVDA,2025-11-19,423,390,0
NVDA,2025-11-20,405,390,0
NVDA,2025-11-21,410,390,0
NVDA,2025-11-24,394,390,0
NVDA,2025-11-25,395,390,0
NVDA,2025-11-26,398,390,0
NVDA,2025-12-01,398,390,0
NVDA,2025-12-02,395,390,0
NVDA,2025-12-03,395,390,0
NVDA,2025-12-04,393,390,0
NVDA,2025-12-05,392,390,0
NVDA,2025-12-08,394,390,0
NVDA,2025-12-09,409,390,0
NVDA,2025-12-10,398,390,0
NVDA,2025-12-11,393,390,0
NVDA,2025-12-12,393,390,0
NVDA,2025-12-15,421,390,0
NVDA,2025-12-16,401,390,0
NVDA,2025-12-17,408,390,0
NVDA,2025-12-18,408,390,0
NVDA,2025-12-19,392,390,0
NVDA,2025-12-22,432,390,0
NVDA,2025-12-23,395,390,0
NVDA,2025-12-26,430,390,0
NVDA,2025-12-29,410,390,0
NVDA,2025-12-30,392,390,0
NVDA,2025-12-31,414,390,0
NVDA,2026-01-05,410,390,0
NVDA,2026-01-06,420,390,0
NVDA,2026-01-07,390,390,0
NVDA,2026-01-08,392,390,0
NVDA,2026-01-09,397,390,0
NVDA,2026-01-12,393,390,0
NVDA,2026-01-13,396,390,0
NVDA,2026-01-14,390,390,0
NVDA,2026-01-15,396,390,0
NVDA,2026-01-16,391,390,0
NVDA,2026-01-20,407,390,0
NVDA,2026-01-21,395,390,0
NVDA,2026-01-22,396,390,0
NVDA,2026-01-23,415,390,0
NVDA,2026-01-26,391,390,0
NVDA,2026-01-27,441,390,0
NVDA,2026-01-28,409,390,0
NVDA,2026-01-29,393,390,0
NVDA,2026-01-30,404,390,0
NVDA,2026-02-02,425,390,0
NVDA,2026-02-03,398,390,0
ORCL,2025-11-03,393,390,0
ORCL,2025-11-04,392,390,0
ORCL,2025-11-06,390,390,0
ORCL,2025-11-07,395,390,0
ORCL,2025-11-12,392,390,0
ORCL,2025-11-13,391,390,0
ORCL,2025-11-14,396,390,0
ORCL,2025-11-17,392,390,0
ORCL,2025-11-18,393,390,0
ORCL,2025-11-19,397,390,0
ORCL,2025-11-20,398,390,0
ORCL,2025-11-21,394,390,0
ORCL,2025-11-24,392,390,0
ORCL,2025-11-25,394,390,0
ORCL,2025-11-26,411,390,0
ORCL,2025-12-01,390,390,0
ORCL,2025-12-02,393,390,0
ORCL,2025-12-03,390,390,0
ORCL,2025-12-04,398,390,0
ORCL,2025-12-05,396,390,0
ORCL,2025-12-08,399,390,0
ORCL,2025-12-09,399,390,0
ORCL,2025-12-10,438,390,0
ORCL,2025-12-11,421,390,0
ORCL,2025-12-12,401,390,0
ORCL,2025-12-15,397,390,0
ORCL,2025-12-16,398,390,0
ORCL,2025-12-17,400,390,0
ORCL,2025-12-18,413,390,0
ORCL,2025-12-19,404,390,0
ORCL,2025-12-22,390,390,0
ORCL,2025-12-30,391,390,0
ORCL,2026-01-05,417,390,0
ORCL,2026-01-09,390,390,0
ORCL,2026-01-12,392,390,0
ORCL,2026-01-13,392,390,0
ORCL,2026-01-14,390,390,0
ORCL,2026-01-20,398,390,0
ORCL,2026-01-21,398,390,0
ORCL,2026-01-22,394,390,0
ORCL,2026-01-23,398,390,0
ORCL,2026-01-26,391,390,0
ORCL,2026-01-27,392,390,0
ORCL,2026-01-28,396,390,0
ORCL,2026-01-29,397,390,0
ORCL,2026-01-30,393,390,0
ORCL,2026-02-02,410,390,0
ORCL,2026-02-03,401,390,0
PFE,2025-11-03,411,390,0
PFE,2025-11-04,425,390,0
PFE,2025-11-05,433,390,0
PFE,2025-11-06,420,390,0
PFE,2025-11-07,394,390,0
PFE,2025-11-10,420,390,0
PFE,2025-11-11,401,390,0
PFE,2025-11-12,442,390,0
PFE,2025-11-13,395,390,0
PFE,2025-11-14,394,390,0
PFE,2025-11-17,401,390,0
PFE,2025-11-18,407,390,0
PFE,2025-11-19,399,390,0
PFE,2025-11-20,415,390,0
PFE,2025-11-21,410,390,0
PFE,2025-11-24,407,390,0
PFE,2025-11-25,401,390,0
PFE,2025-11-26,397,390,0
PFE,2025-12-01,390,390,0
PFE,2025-12-12,395,390,0
PFE,2025-12-15,394,390,0
PFE,2025-12-16,403,390,0
PFE,2025-12-29,390,390,0
PFE,2026-01-12,393,390,0
PFE,2026-01-13,406,390,0
PFE,2026-01-14,398,390,0
PFE,2026-01-20,404,390,0
PFE,2026-01-21,402,390,0
PFE,2026-01-22,399,390,0
PFE,2026-01-26,393,390,0
PFE,2026-01-27,413,390,0
PFE,2026-01-28,398,390,0
PFE,2026-01-29,395,390,0
PFE,2026-02-02,395,390,0
PFE,2026-02-03,424,390,0
PYPL,2025-11-07,390,390,0
PYPL,2025-11-17,390,390,0
PYPL,2025-11-19,392,390,0
PYPL,2025-11-20,391,390,0
PYPL,2025-11-21,391,390,0
PYPL,2025-11-24,390,390,0
PYPL,2025-12-15,390,390,0
PYPL,2025-12-18,391,390,0
PYPL,2025-12-19,390,390,0
PYPL,2026-01-02,390,390,0
PYPL,2026-01-29,390,390,0
PYPL,2026-02-02,390,390,0
PYPL,2026-02-03,416,390,0
SLB,2025-11-20,390,390,0
SLB,2026-01-05,400,390,0
SLB,2026-01-14,392,390,0
SLB,2026-01-15,390,390,0
SLB,2026-01-21,390,390,0
SLB,2026-01-23,390,390,0
SLB,2026-01-28,390,390,0
SLB,2026-01-29,390,390,0
SLB,2026-01-30,390,390,0
SLB,2026-02-03,390,390,0
TSLA,2025-11-03,390,390,0
TSLA,2025-11-04,390,390,0
TSLA,2025-11-05,390,390,0
TSLA,2025-11-06,398,390,0
TSLA,2025-11-07,433,390,0
TSLA,2025-11-10,390,390,0
TSLA,2025-11-11,394,390,0
TSLA,2025-11-13,399,390,0
TSLA,2025-11-14,425,390,0
TSLA,2025-11-17,392,390,0
TSLA,2025-11-18,400,390,0
TSLA,2025-11-19,405,390,0
TSLA,2025-11-20,409,390,0
TSLA,2025-11-21,414,390,0
TSLA,2025-11-24,408,390,0
TSLA,2025-11-25,407,390,0
TSLA,2025-11-26,392,390,0
TSLA,2025-12-01,404,390,0
TSLA,2025-12-02,401,390,0
TSLA,2025-12-03,407,390,0
TSLA,2025-12-04,407,390,0
TSLA,2025-12-05,391,390,0
TSLA,2025-12-08,391,390,0
TSLA,2025-12-09,394,390,0
TSLA,2025-12-10,398,390,0
TSLA,2025-12-11,393,390,0
TSLA,2025-12-12,407,390,0
TSLA,2025-12-15,418,390,0
TSLA,2025-12-16,416,390,0
TSLA,2025-12-17,392,390,0
TSLA,2025-12-18,409,390,0
TSLA,2025-12-19,390,390,0
TSLA,2025-12-22,394,390,0
TSLA,2025-12-23,396,390,0
TSLA,2025-12-26,391,390,0
TSLA,2025-12-29,393,390,0
TSLA,2025-12-30,392,390,0
TSLA,2025-12-31,391,390,0
TSLA,2026-01-02,404,390,0
TSLA,2026-01-05,400,390,0
TSLA,2026-01-06,402,390,0
TSLA,2026-01-07,406,390,0
TSLA,2026-01-08,390,390,0
TSLA,2026-01-09,398,390,0
TSLA,2026-01-12,405,390,0
TSLA,2026-01-13,400,390,0
TSLA,2026-01-14,395,390,0
TSLA,2026-01-15,394,390,0
TSLA,2026-01-16,397,390,0
TSLA,2026-01-20,395,390,0
TSLA,2026-01-21,404,390,0
TSLA,2026-01-22,391,390,0
TSLA,2026-01-23,392,390,0
TSLA,2026-01-28,405,390,0
TSLA,2026-01-29,390,390,0
TSLA,2026-01-30,400,390,0
TSLA,2026-02-02,391,390,0
TSLA,2026-02-03,392,390,0
UNH,2026-01-27,391,390,0
UNH,2026-01-28,398,390,0
UNH,2026-01-29,391,390,0
V,2025-12-11,390,390,0
V,2026-01-13,391,390,0
WFC,2025-11-06,390,390,0
WFC,2025-11-12,390,390,0
WFC,2025-11-14,390,390,0
WFC,2025-11-25,390,390,0
WFC,2025-12-03,390,390,0
WFC,2025-12-08,390,390,0
WFC,2025-12-09,390,390,0
WFC,2025-12-10,390,390,0
WFC,2025-12-17,390,390,0
WFC,2026-01-09,390,390,0
WFC,2026-01-13,390,390,0
WFC,2026-01-14,390,390,0
WFC,2026-01-16,390,390,0
WFC,2026-01-22,390,390,0
WMT,2025-11-07,390,390,0
WMT,2025-11-14,391,390,0
WMT,2025-11-19,390,390,0
WMT,2025-11-20,393,390,0
WMT,2025-11-21,390,390,0
WMT,2025-11-24,390,390,0
WMT,2025-12-02,390,390,0
WMT,2025-12-04,390,390,0
WMT,2025-12-05,390,390,0
WMT,2025-12-10,390,390,0
WMT,2025-12-11,390,390,0
WMT,2025-12-12,390,390,0
WMT,2025-12-15,390,390,0
WMT,2025-12-16,390,390,0
WMT,2025-12-17,390,390,0
WMT,2025-12-19,390,390,0
WMT,2026-01-06,390,390,0
WMT,2026-01-08,390,390,0
WMT,2026-01-12,393,390,0
WMT,2026-01-13,390,390,0
WMT,2026-01-15,390,390,0
WMT,2026-01-16,390,390,0
WMT,2026-01-20,392,390,0
WMT,2026-02-03,390,390,0
XOM,2025-11-03,390,390,0
XOM,2025-11-05,390,390,0
XOM,2025-11-07,390,390,0
XOM,2025-11-14,390,390,0
XOM,2025-11-19,391,390,0
XOM,2025-12-09,390,390,0
XOM,2025-12-12,390,390,0
XOM,2025-12-29,390,390,0
XOM,2026-01-02,390,390,0
XOM,2026-01-05,390,390,0
XOM,2026-01-07,391,390,0
XOM,2026-01-26,390,390,0
XOM,2026-01-27,391,390,0
XOM,2026-01-29,390,390,0
XOM,2026-01-30,395,390,0
XOM,2026-02-02,390,390,0
XOM,2026-02-03,390,390,0
